record_id,transaction_date,customer_id,customer_segment,region,channel,product_service_id,product_service_name,category,quantity,unit_price,discount_amount,revenue,direct_cost,payment_method,status,promotion_flag,customer_rating,booking_id,property_or_tour,room_or_package_type,check_in_date,check_out_date,nights,occupancy_rate,available_capacity,booking_lead_days,cancellation_flag,season
ACC-0001,2026-03-07,CUST-0005,VIP,North Region,Direct Website,PS-0200,Deluxe Suite,Deluxe Room,1,86.44,7.26,79.18,39.27,Credit/Debit Card,Completed,true,5,BKG-049,Hillside Resort,Deluxe Room,2026-03-08,2026-03-11,3,69.3,24,1,false,Off-Peak
ACC-0002,2026-03-19,CUST-0005,VIP,East Region,OTA Platform,PS-0201,Deluxe Suite,Deluxe Room,1,89.73,0,89.73,37.15,Cash,Completed,false,4,BKG-037,City Center Hotel,Deluxe Room,2026-03-19,2026-03-23,4,63.2,13,0,false,Off-Peak
ACC-0003,2026-03-20,CUST-0015,New,East Region,Walk-in,PS-0102,Standard Double Room,Standard Room,1,48.28,0,48.28,26.07,Mobile Wallet,Completed,false,5,BKG-032,City Center Hotel,Standard Room,2026-03-25,2026-03-26,1,43.1,34,5,false,Off-Peak
ACC-0004,2026-03-24,CUST-0018,VIP,Metro Area,Travel Agent,PS-0103,Standard Double Room,Standard Room,1,47.28,3.59,43.69,22.24,Bank Transfer,Completed,true,4,BKG-008,City Center Hotel,Standard Room,2026-04-06,2026-04-08,2,56.5,32,13,false,Off-Peak
ACC-0005,2026-03-28,CUST-0001,VIP,Metro Area,OTA Platform,PS-0204,Deluxe Suite,Deluxe Room,1,88,8.1,79.9,30.68,Mobile Wallet,Completed,true,5,BKG-036,City Center Hotel,Deluxe Room,2026-04-01,2026-04-05,4,90.6,33,4,false,Off-Peak
ACC-0006,2026-04-01,CUST-0010,VIP,North Region,Walk-in,PS-0105,Standard Double Room,Standard Room,1,47.54,0,47.54,24.1,Credit/Debit Card,Completed,false,2,BKG-007,Seaside Inn,Standard Room,2026-04-03,2026-04-08,5,68.5,29,2,false,Off-Peak
ACC-0007,2026-04-03,CUST-0005,VIP,Metro Area,Direct Website,PS-0106,Standard Double Room,Standard Room,1,47.72,0,47.72,18.71,Cash,Completed,false,4,BKG-035,Hillside Resort,Standard Room,2026-04-10,2026-04-12,2,50.5,29,7,false,Off-Peak
ACC-0008,2026-04-04,CUST-0003,VIP,South Region,Walk-in,PS-0107,Standard Double Room,Standard Room,1,48.12,0,48.12,19.54,Mobile Wallet,Pending,false,3,BKG-025,City Center Hotel,Standard Room,2026-04-09,2026-04-14,5,86.2,15,5,false,Off-Peak
ACC-0009,2026-04-16,CUST-0001,VIP,East Region,Travel Agent,PS-0108,Standard Double Room,Standard Room,1,48.65,0,48.65,19.51,Credit/Debit Card,Completed,false,5,BKG-034,Hillside Resort,Standard Room,2026-04-30,2026-05-02,2,90,37,14,false,Off-Peak
ACC-0010,2026-05-01,CUST-0008,VIP,Metro Area,Direct Website,PS-0100,Standard Double Room,Standard Room,1,47.82,0,47.82,25.39,Credit/Debit Card,Cancelled,true,,BKG-046,Seaside Inn,Standard Room,2026-05-15,2026-05-16,1,46.3,24,14,true,Off-Peak
ACC-0011,2026-05-15,CUST-0017,New,South Region,Direct Website,PS-0301,Half-day City Tour,Guided Tour,2,32.75,10.87,54.63,22.45,Credit/Debit Card,Completed,true,5,BKG-031,Hillside Resort,Guided Tour,2026-05-19,2026-05-22,3,78.6,32,4,false,Off-Peak
ACC-0012,2026-05-17,CUST-0009,VIP,South Region,Travel Agent,PS-0102,Standard Double Room,Standard Room,1,48.7,0,48.7,24.11,Online Payment,Completed,false,5,BKG-011,Seaside Inn,Standard Room,2026-05-18,2026-05-21,3,77,14,1,false,Off-Peak
ACC-0013,2026-05-20,CUST-0009,VIP,South Region,Travel Agent,PS-0203,Deluxe Suite,Deluxe Room,1,89.03,7.39,81.64,35.43,Credit/Debit Card,Completed,false,4,BKG-022,Hillside Resort,Deluxe Room,2026-05-28,2026-05-30,2,95.1,21,8,false,Off-Peak
ACC-0014,2026-05-23,CUST-0001,VIP,Metro Area,OTA Platform,PS-0104,Standard Double Room,Standard Room,1,47.76,3.15,44.61,24.13,Online Payment,Completed,false,1,BKG-010,City Center Hotel,Standard Room,2026-05-25,2026-05-28,3,83.5,28,2,false,Off-Peak
ACC-0015,2026-05-25,CUST-0008,VIP,Metro Area,Travel Agent,PS-0205,Deluxe Suite,Deluxe Room,1,83.82,0,83.82,42.33,Credit/Debit Card,Cancelled,false,,BKG-012,City Center Hotel,Deluxe Room,2026-06-04,2026-06-09,5,50.8,35,10,true,Off-Peak
ACC-0016,2026-05-26,CUST-0005,VIP,Metro Area,Travel Agent,PS-0106,Standard Double Room,Standard Room,1,48.46,5.96,42.5,22.27,Credit/Debit Card,Completed,false,4,BKG-004,City Center Hotel,Standard Room,2026-06-07,2026-06-11,4,81,29,12,false,Off-Peak
ACC-0017,2026-06-03,CUST-0006,VIP,East Region,OTA Platform,PS-0307,Half-day City Tour,Guided Tour,3,31.05,0,93.15,43.5,Mobile Wallet,Completed,true,3,BKG-046,Seaside Inn,Guided Tour,2026-06-14,2026-06-18,4,67.7,25,11,false,Peak
ACC-0018,2026-06-04,CUST-0005,VIP,East Region,OTA Platform,PS-0208,Deluxe Suite,Deluxe Room,1,85.08,0,85.08,35.56,Online Payment,Completed,false,5,BKG-047,City Center Hotel,Deluxe Room,2026-06-07,2026-06-12,5,61.4,19,3,false,Peak
ACC-0019,2026-06-16,CUST-0014,Returning,East Region,Direct Website,PS-0200,Deluxe Suite,Deluxe Room,1,85.24,10.66,74.58,31.7,Cash,Completed,true,2,BKG-020,Hillside Resort,Deluxe Room,2026-06-18,2026-06-20,2,82.3,24,2,false,Peak
ACC-0020,2026-06-21,CUST-0001,VIP,South Region,Direct Website,PS-0301,Half-day City Tour,Guided Tour,2,33.65,3.43,63.87,34.36,Cash,Refunded,false,,BKG-038,Hillside Resort,Guided Tour,2026-06-22,2026-06-24,2,78.9,37,1,false,Peak
ACC-0021,2026-06-22,CUST-0005,VIP,South Region,Direct Website,PS-0102,Standard Double Room,Standard Room,1,48.04,0,48.04,22.34,Credit/Debit Card,Completed,false,5,BKG-016,Hillside Resort,Standard Room,2026-06-24,2026-06-25,1,61.1,30,2,false,Peak
ACC-0022,2026-06-27,CUST-0013,Returning,Metro Area,Direct Website,PS-0303,Half-day City Tour,Guided Tour,2,30.52,0,61.04,26.61,Online Payment,Completed,false,5,BKG-015,Seaside Inn,Guided Tour,2026-06-29,2026-07-03,4,93,30,2,false,Peak
ACC-0023,2026-06-28,CUST-0007,VIP,East Region,OTA Platform,PS-0204,Deluxe Suite,Deluxe Room,1,77.83,0,77.83,38.21,Mobile Wallet,Completed,false,4,BKG-039,City Center Hotel,Deluxe Room,2026-07-03,2026-07-06,3,70.3,31,5,false,Peak
ACC-0024,2026-07-01,CUST-0002,VIP,North Region,OTA Platform,PS-0305,Half-day City Tour,Guided Tour,4,29.98,11.99,107.93,56.66,Mobile Wallet,Completed,false,4,BKG-003,Seaside Inn,Guided Tour,2026-07-02,2026-07-07,5,49.6,32,1,false,Peak
ACC-0025,2026-07-03,CUST-0005,VIP,South Region,Walk-in,PS-0106,Standard Double Room,Standard Room,1,48.37,0,48.37,26.26,Online Payment,Completed,false,5,BKG-030,Hillside Resort,Standard Room,2026-07-09,2026-07-10,1,78,10,6,false,Peak
ACC-0026,2026-07-04,CUST-0001,VIP,South Region,OTA Platform,PS-0207,Deluxe Suite,Deluxe Room,1,78.7,14.95,63.75,27.67,Bank Transfer,Completed,true,4,BKG-016,Seaside Inn,Deluxe Room,2026-07-11,2026-07-12,1,64.3,25,7,false,Peak
ACC-0027,2026-07-07,CUST-0002,VIP,North Region,Walk-in,PS-0108,Standard Double Room,Standard Room,1,56.26,6.41,49.85,25.67,Mobile Wallet,Completed,true,3,BKG-007,City Center Hotel,Standard Room,2026-07-16,2026-07-18,2,78.6,31,9,false,Peak
ACC-0028,2026-07-11,CUST-0006,VIP,South Region,Walk-in,PS-0200,Deluxe Suite,Deluxe Room,1,81.69,0,81.69,36.92,Cash,Completed,false,4,BKG-037,Hillside Resort,Deluxe Room,2026-07-19,2026-07-22,3,68.3,40,8,false,Peak
ACC-0029,2026-07-14,CUST-0010,VIP,South Region,Direct Website,PS-0201,Deluxe Suite,Deluxe Room,1,84,0,84,40.07,Credit/Debit Card,Completed,false,4,BKG-030,City Center Hotel,Deluxe Room,2026-07-18,2026-07-20,2,61,31,4,false,Peak
ACC-0030,2026-07-17,CUST-0008,VIP,Metro Area,OTA Platform,PS-0202,Deluxe Suite,Deluxe Room,1,87.96,0,87.96,37.65,Bank Transfer,Completed,false,4,BKG-013,Hillside Resort,Deluxe Room,2026-07-22,2026-07-23,1,74.8,34,5,false,Peak
ACC-0031,2026-07-22,CUST-0003,VIP,East Region,Travel Agent,PS-0203,Deluxe Suite,Deluxe Room,1,78.41,6.35,72.06,28.03,Mobile Wallet,Completed,true,5,BKG-003,Seaside Inn,Deluxe Room,2026-07-25,2026-07-27,2,42.8,34,3,false,Peak
ACC-0032,2026-07-24,CUST-0002,VIP,North Region,Walk-in,PS-0104,Standard Double Room,Standard Room,1,56.24,0,56.24,23.79,Mobile Wallet,Completed,false,5,BKG-023,Hillside Resort,Standard Room,2026-08-05,2026-08-09,4,61.9,17,12,false,Peak
ACC-0033,2026-07-25,CUST-0003,VIP,South Region,Walk-in,PS-0105,Standard Double Room,Standard Room,1,56.1,0,56.1,30.35,Credit/Debit Card,Completed,false,5,BKG-040,Hillside Resort,Standard Room,2026-08-08,2026-08-12,4,82.9,18,14,false,Peak
ACC-0034,2026-08-03,CUST-0007,VIP,South Region,Walk-in,PS-0106,Standard Double Room,Standard Room,1,57.06,0,57.06,26.48,Cash,Completed,false,5,BKG-023,Hillside Resort,Standard Room,2026-08-05,2026-08-09,4,61.2,30,2,false,Off-Peak
ACC-0035,2026-08-11,CUST-0013,Returning,Metro Area,Walk-in,PS-0207,Deluxe Suite,Deluxe Room,1,87.87,4.57,83.3,35.49,Online Payment,Completed,true,4,BKG-006,Seaside Inn,Deluxe Room,2026-08-14,2026-08-19,5,85.4,21,3,false,Off-Peak
ACC-0036,2026-08-15,CUST-0006,VIP,Metro Area,OTA Platform,PS-0308,Half-day City Tour,Guided Tour,2,28.62,0,57.24,23.18,Cash,Completed,false,4,BKG-041,Hillside Resort,Guided Tour,2026-08-28,2026-09-01,4,63.9,26,13,false,Off-Peak
ACC-0037,2026-08-19,CUST-0010,VIP,South Region,Walk-in,PS-0200,Deluxe Suite,Deluxe Room,1,83.64,9.62,74.02,37.16,Credit/Debit Card,Completed,true,4,BKG-035,City Center Hotel,Deluxe Room,2026-08-30,2026-09-03,4,55.9,21,11,false,Off-Peak
ACC-0038,2026-08-22,CUST-0016,New,South Region,OTA Platform,PS-0201,Deluxe Suite,Deluxe Room,1,80.27,0,80.27,41.74,Mobile Wallet,Completed,false,4,BKG-008,Hillside Resort,Deluxe Room,2026-08-30,2026-09-03,4,82.2,21,8,false,Off-Peak
ACC-0039,2026-08-26,CUST-0009,VIP,South Region,Direct Website,PS-0302,Half-day City Tour,Guided Tour,1,32.77,0,32.77,14.62,Bank Transfer,Completed,false,1,BKG-001,Hillside Resort,Guided Tour,2026-08-28,2026-09-02,5,65.2,12,2,false,Off-Peak
ACC-0040,2026-08-27,CUST-0002,VIP,East Region,OTA Platform,PS-0303,Half-day City Tour,Guided Tour,3,32.51,8.29,89.24,45.87,Bank Transfer,Completed,true,5,BKG-049,City Center Hotel,Guided Tour,2026-08-28,2026-08-29,1,56.9,16,1,false,Off-Peak
ACC-0041,2026-08-28,CUST-0003,VIP,Metro Area,OTA Platform,PS-0204,Deluxe Suite,Deluxe Room,1,80.77,0,80.77,36.59,Online Payment,Completed,false,5,BKG-003,Seaside Inn,Deluxe Room,2026-09-05,2026-09-10,5,80.2,12,8,false,Off-Peak
ACC-0042,2026-09-01,CUST-0018,VIP,South Region,Walk-in,PS-0305,Half-day City Tour,Guided Tour,3,33.37,0,100.11,49.35,Bank Transfer,Completed,false,4,BKG-002,Seaside Inn,Guided Tour,2026-09-15,2026-09-16,1,57.2,37,14,true,Off-Peak
ACC-0043,2026-09-02,CUST-0018,VIP,East Region,Walk-in,PS-0306,Half-day City Tour,Guided Tour,2,34.93,6.15,63.71,28.35,Mobile Wallet,Completed,true,4,BKG-043,Seaside Inn,Guided Tour,2026-09-10,2026-09-12,2,52.4,34,8,false,Off-Peak
ACC-0044,2026-09-03,CUST-0010,VIP,South Region,Direct Website,PS-0307,Half-day City Tour,Guided Tour,3,31.89,0,95.67,52.14,Online Payment,Completed,false,4,BKG-033,City Center Hotel,Guided Tour,2026-09-03,2026-09-04,1,68.3,17,0,false,Off-Peak
ACC-0045,2026-09-04,CUST-0003,VIP,Metro Area,Walk-in,PS-0308,Half-day City Tour,Guided Tour,1,32.08,0,32.08,13.79,Mobile Wallet,Completed,false,4,BKG-006,City Center Hotel,Guided Tour,2026-09-17,2026-09-22,5,63.3,12,13,false,Off-Peak
ACC-0046,2026-09-08,CUST-0012,New,North Region,Direct Website,PS-0100,Standard Double Room,Standard Room,1,56.83,0,56.83,25.63,Cash,Completed,false,2,BKG-018,Seaside Inn,Standard Room,2026-09-19,2026-09-24,5,92.1,39,11,false,Off-Peak
ACC-0047,2026-09-17,CUST-0002,VIP,North Region,OTA Platform,PS-0301,Half-day City Tour,Guided Tour,4,31.05,19.75,104.45,56.82,Credit/Debit Card,Completed,true,5,BKG-013,Hillside Resort,Guided Tour,2026-09-28,2026-09-30,2,94.4,25,11,false,Off-Peak
ACC-0048,2026-09-20,CUST-0001,VIP,East Region,OTA Platform,PS-0202,Deluxe Suite,Deluxe Room,1,85.19,14.23,70.96,36.97,Credit/Debit Card,Completed,true,4,BKG-022,Seaside Inn,Deluxe Room,2026-09-22,2026-09-25,3,59.8,39,2,false,Off-Peak
ACC-0049,2026-09-26,CUST-0014,Returning,North Region,Walk-in,PS-0103,Standard Double Room,Standard Room,1,56.24,0,56.24,23.23,Online Payment,Completed,true,3,BKG-047,Seaside Inn,Standard Room,2026-09-26,2026-09-30,4,89.2,22,0,false,Off-Peak
ACC-0050,2026-09-27,CUST-0007,VIP,East Region,Direct Website,PS-0304,Half-day City Tour,Guided Tour,3,32.56,18.07,79.61,37.34,Bank Transfer,Completed,true,4,BKG-015,Hillside Resort,Guided Tour,2026-10-07,2026-10-08,1,86.3,38,10,false,Off-Peak
