record_id,transaction_date,customer_id,customer_segment,region,channel,product_service_id,product_service_name,category,quantity,unit_price,discount_amount,revenue,direct_cost,payment_method,status,promotion_flag,customer_rating,farm_batch_id,crop_or_product,farm_area_hectares,harvest_quantity,yield_per_hectare,input_cost,labor_cost,weather_condition,rainfall_mm,harvest_date,grade_quality,spoilage_quantity
AGR-0001,2026-03-02,CUST-0002,VIP,South Region,Direct Farm Sale,PS-0200,Rice Sack Lot,Grains,155,1.32,0,204.6,104.14,Online Payment,Completed,false,3,FRM-038,Grains,9.72,155,2924,41.94,37.44,Normal,200.9,2026-02-25,Grade B,2
AGR-0002,2026-03-14,CUST-0005,VIP,South Region,Direct Farm Sale,PS-0201,Rice Sack Lot,Grains,92,1.35,15.03,109.17,59.5,Online Payment,Completed,false,5,FRM-018,Grains,11.96,92,1446,25.55,15.07,Favorable,34.9,2026-03-11,Grade C,1
AGR-0003,2026-03-28,CUST-0008,VIP,East Region,Wet Market,PS-0202,Rice Sack Lot,Grains,220,1.42,59.98,252.42,125.45,Credit/Debit Card,Completed,true,2,FRM-027,Grains,8.17,220,611,51.24,33.82,Heavy Rain,60.4,2026-03-23,Grade C,1
AGR-0004,2026-04-05,CUST-0010,VIP,North Region,Wet Market,PS-0103,Mixed Vegetable Lot,Vegetables,659,0.89,0,586.51,332.55,Bank Transfer,Completed,false,4,FRM-048,Vegetables,11.08,659,586.1,168.91,80.35,Heavy Rain,113.2,2026-04-04,Grade B,20
AGR-0005,2026-04-08,CUST-0016,New,North Region,Wet Market,PS-0304,Poultry Lot,Livestock,118,3.5,64.43,348.57,195.2,Mobile Wallet,Completed,true,4,FRM-046,Livestock,7.12,118,670.4,63.09,64.49,Normal,122.7,2026-04-06,Grade A,4
AGR-0006,2026-04-12,CUST-0014,VIP,Metro Area,Wholesale Buyer,PS-0105,Mixed Vegetable Lot,Vegetables,741,0.9,0,666.9,392.8,Cash,Completed,false,5,FRM-010,Vegetables,6.43,741,1134.4,146.05,82.03,Dry Spell,177.2,2026-04-05,Grade C,16
AGR-0007,2026-04-13,CUST-0006,VIP,South Region,Export,PS-0306,Poultry Lot,Livestock,67,3.03,11.37,191.64,109.62,Online Payment,Completed,true,4,FRM-042,Livestock,10.04,67,1938.7,41.2,41.2,Heavy Rain,42.2,2026-04-09,Grade C,1
AGR-0008,2026-04-14,CUST-0004,VIP,South Region,Direct Farm Sale,PS-0307,Poultry Lot,Livestock,130,3.04,27.27,367.93,221.49,Mobile Wallet,Completed,false,2,FRM-014,Livestock,4.92,130,1518.2,95.66,51.88,Dry Spell,8.5,2026-04-08,Grade A,3
AGR-0009,2026-04-18,CUST-0008,VIP,Metro Area,Export,PS-0308,Poultry Lot,Livestock,23,3.06,0,70.38,35.05,Online Payment,Completed,false,5,FRM-045,Livestock,5.75,23,589.5,18.93,9.15,Normal,170,2026-04-18,Grade B,1
AGR-0010,2026-05-02,CUST-0014,VIP,North Region,Wet Market,PS-0300,Poultry Lot,Livestock,140,3.28,60.61,398.59,198.5,Mobile Wallet,Refunded,false,,FRM-008,Livestock,1.46,140,1654.6,86.89,56.2,Heavy Rain,80.5,2026-05-02,Grade B,2
AGR-0011,2026-05-04,CUST-0003,VIP,Metro Area,Export,PS-0101,Mixed Vegetable Lot,Vegetables,153,0.91,0,139.23,79.08,Mobile Wallet,Completed,false,5,FRM-041,Vegetables,3.02,153,537.4,27.71,28.26,Normal,22.7,2026-04-27,Grade B,4
AGR-0012,2026-05-07,CUST-0009,Returning,East Region,Direct Farm Sale,PS-0202,Rice Sack Lot,Grains,398,1.46,0,581.08,348.07,Cash,Pending,false,4,FRM-018,Grains,4.24,398,2544.9,105.76,95.88,Favorable,3.5,2026-05-06,Grade B,12
AGR-0013,2026-05-09,CUST-0004,VIP,South Region,Direct Farm Sale,PS-0103,Mixed Vegetable Lot,Vegetables,426,0.9,0,383.4,235.02,Mobile Wallet,Completed,false,4,FRM-013,Vegetables,3.23,426,2956.7,102.75,57.89,Normal,174.1,2026-05-05,Grade C,20
AGR-0014,2026-05-11,CUST-0002,VIP,East Region,Export,PS-0304,Poultry Lot,Livestock,137,3.05,0,417.85,203.49,Cash,Completed,false,5,FRM-044,Livestock,5.97,137,2693.8,90.26,50.98,Dry Spell,147.4,2026-05-07,Grade B,5
AGR-0015,2026-05-18,CUST-0007,Returning,Metro Area,Wholesale Buyer,PS-0305,Poultry Lot,Livestock,62,3.29,0,203.98,95.46,Online Payment,Completed,false,5,FRM-008,Livestock,5.69,62,1815.4,57.11,32.02,Normal,47.4,2026-05-14,Grade A,3
AGR-0016,2026-05-21,CUST-0015,New,East Region,Direct Farm Sale,PS-0106,Mixed Vegetable Lot,Vegetables,473,0.91,0,430.43,224.25,Online Payment,Completed,false,4,FRM-004,Vegetables,4.81,473,1790.4,86.95,64.13,Heavy Rain,145,2026-05-21,Grade B,3
AGR-0017,2026-06-01,CUST-0004,VIP,East Region,Wet Market,PS-0207,Rice Sack Lot,Grains,277,1.5,75.21,340.29,190.56,Mobile Wallet,Completed,true,5,FRM-016,Grains,7.05,277,2288.7,97.32,67.04,Heavy Rain,202.3,2026-05-29,Grade A,9
AGR-0018,2026-06-06,CUST-0002,VIP,East Region,Export,PS-0108,Mixed Vegetable Lot,Vegetables,854,0.89,133.01,627.05,287.19,Cash,Completed,false,2,FRM-016,Vegetables,4.61,854,2425.9,122.27,85.91,Heavy Rain,74.2,2026-05-30,Grade B,6
AGR-0019,2026-06-10,CUST-0002,VIP,East Region,Wet Market,PS-0100,Mixed Vegetable Lot,Vegetables,872,0.91,132.52,661,298.11,Credit/Debit Card,Completed,true,5,FRM-044,Vegetables,4.43,872,2789.1,163.27,127.57,Favorable,137,2026-06-03,Grade A,12
AGR-0020,2026-06-13,CUST-0002,VIP,North Region,Wet Market,PS-0301,Poultry Lot,Livestock,149,3.04,44.84,408.12,191.41,Credit/Debit Card,Completed,true,4,FRM-033,Livestock,5.67,149,3118,112.23,80.81,Heavy Rain,135.6,2026-06-06,Grade C,5
AGR-0021,2026-06-14,CUST-0014,VIP,South Region,Wet Market,PS-0102,Mixed Vegetable Lot,Vegetables,534,0.89,0,475.26,261.87,Online Payment,Refunded,false,,FRM-025,Vegetables,1.5,534,2999.8,95.05,61.78,Favorable,44.7,2026-06-07,Grade C,10
AGR-0022,2026-06-22,CUST-0005,VIP,Metro Area,Export,PS-0103,Mixed Vegetable Lot,Vegetables,719,0.9,99.65,547.45,250.73,Online Payment,Completed,false,1,FRM-048,Vegetables,7.76,719,2986.8,156.02,73.91,Favorable,213.7,2026-06-21,Grade B,31
AGR-0023,2026-06-25,CUST-0014,VIP,Metro Area,Wet Market,PS-0304,Poultry Lot,Livestock,25,2.92,0,73,40.66,Bank Transfer,Completed,false,5,FRM-028,Livestock,0.61,25,1820.6,13.8,11.17,Normal,200.7,2026-06-25,Grade A,1
AGR-0024,2026-07-11,CUST-0008,VIP,Metro Area,Wet Market,PS-0105,Mixed Vegetable Lot,Vegetables,398,0.91,0,362.18,208.25,Credit/Debit Card,Completed,false,2,FRM-024,Vegetables,6.96,398,1198.4,98.15,60.48,Normal,82.5,2026-07-10,Grade C,4
AGR-0025,2026-07-14,CUST-0005,VIP,East Region,Export,PS-0306,Poultry Lot,Livestock,39,3,9.36,107.64,63.4,Mobile Wallet,Completed,false,5,FRM-004,Livestock,4.79,39,1706.2,21.85,23.36,Dry Spell,84.3,2026-07-07,Grade C,1
AGR-0026,2026-07-15,CUST-0006,VIP,South Region,Direct Farm Sale,PS-0207,Rice Sack Lot,Grains,347,1.51,55.02,468.95,275.74,Mobile Wallet,Cancelled,false,,FRM-004,Grains,11.58,347,794.7,103.64,67.06,Favorable,1.2,2026-07-09,Grade B,16
AGR-0027,2026-07-17,CUST-0014,VIP,Metro Area,Export,PS-0108,Mixed Vegetable Lot,Vegetables,556,1.06,75.44,513.92,282.14,Online Payment,Completed,true,3,FRM-030,Vegetables,11.11,556,1433.1,146.98,110.49,Dry Spell,11.7,2026-07-17,Grade A,27
AGR-0028,2026-07-18,CUST-0011,New,Metro Area,Wholesale Buyer,PS-0300,Poultry Lot,Livestock,63,3.47,24.27,194.34,108.25,Credit/Debit Card,Pending,false,4,FRM-011,Livestock,4.95,63,692,50.53,24.1,Favorable,194.2,2026-07-14,Grade C,2
AGR-0029,2026-07-20,CUST-0002,VIP,South Region,Export,PS-0301,Poultry Lot,Livestock,94,3.19,44.38,255.48,122.12,Cash,Completed,true,4,FRM-048,Livestock,6.5,94,548.3,75.88,42.41,Dry Spell,51.2,2026-07-13,Grade C,2
AGR-0030,2026-07-21,CUST-0010,VIP,Metro Area,Export,PS-0102,Mixed Vegetable Lot,Vegetables,530,1.07,0,567.1,320.41,Bank Transfer,Completed,false,5,FRM-035,Vegetables,4.85,530,943.4,102.08,92.44,Normal,167.4,2026-07-18,Grade C,26
AGR-0031,2026-07-22,CUST-0006,VIP,South Region,Wet Market,PS-0303,Poultry Lot,Livestock,25,3.12,0,78,47.03,Mobile Wallet,Refunded,false,,FRM-035,Livestock,0.91,25,2958.2,16.54,15.13,Heavy Rain,60.8,2026-07-16,Grade B,1
AGR-0032,2026-07-25,CUST-0004,VIP,Metro Area,Export,PS-0104,Mixed Vegetable Lot,Vegetables,441,1.06,0,467.46,215.5,Credit/Debit Card,Completed,false,4,FRM-031,Vegetables,7.85,441,550.8,133.69,101.44,Heavy Rain,139.9,2026-07-23,Grade B,18
AGR-0033,2026-07-26,CUST-0004,VIP,North Region,Direct Farm Sale,PS-0205,Rice Sack Lot,Grains,271,1.31,0,355.01,167.92,Online Payment,Completed,false,4,FRM-032,Grains,11.09,271,2016,63.9,70.29,Heavy Rain,93.2,2026-07-20,Grade C,4
AGR-0034,2026-08-01,CUST-0005,VIP,South Region,Wholesale Buyer,PS-0206,Rice Sack Lot,Grains,374,1.28,0,478.72,295.37,Online Payment,Completed,false,4,FRM-019,Grains,5.61,374,773.1,117.29,69.41,Normal,162.6,2026-07-25,Grade C,9
AGR-0035,2026-08-05,CUST-0018,Returning,Metro Area,Wholesale Buyer,PS-0207,Rice Sack Lot,Grains,151,1.49,0,224.99,114.07,Online Payment,Completed,false,5,FRM-035,Grains,4.84,151,876.9,51.52,48.37,Favorable,205.8,2026-07-30,Grade A,0
AGR-0036,2026-08-07,CUST-0004,VIP,South Region,Wholesale Buyer,PS-0108,Mixed Vegetable Lot,Vegetables,717,1.06,0,760.02,397.49,Bank Transfer,Completed,false,4,FRM-009,Vegetables,9.42,717,1871.2,196.09,110.96,Heavy Rain,6.9,2026-08-03,Grade B,13
AGR-0037,2026-08-12,CUST-0009,Returning,South Region,Wet Market,PS-0300,Poultry Lot,Livestock,118,2.96,0,349.28,208.87,Bank Transfer,Completed,true,5,FRM-001,Livestock,11.21,118,619.6,85.22,69.86,Heavy Rain,205.9,2026-08-07,Grade B,4
AGR-0038,2026-08-15,CUST-0006,VIP,North Region,Export,PS-0101,Mixed Vegetable Lot,Vegetables,484,1.05,81.31,426.89,235.22,Online Payment,Pending,true,4,FRM-008,Vegetables,7.85,484,1596.4,113.55,61.9,Dry Spell,42.4,2026-08-13,Grade C,20
AGR-0039,2026-08-16,CUST-0010,VIP,South Region,Export,PS-0202,Rice Sack Lot,Grains,107,1.48,27.71,130.65,74.99,Credit/Debit Card,Completed,false,4,FRM-026,Grains,11.23,107,1913.1,27.96,16.85,Normal,126.7,2026-08-11,Grade A,3
AGR-0040,2026-08-18,CUST-0002,VIP,North Region,Export,PS-0103,Mixed Vegetable Lot,Vegetables,654,1.07,0,699.78,334.49,Cash,Completed,false,5,FRM-017,Vegetables,3.76,654,841.6,206.44,121.76,Favorable,73.2,2026-08-17,Grade A,20
AGR-0041,2026-08-24,CUST-0007,Returning,North Region,Export,PS-0304,Poultry Lot,Livestock,56,3.1,0,173.6,95.31,Cash,Completed,false,3,FRM-026,Livestock,5.98,56,2945.4,31.42,22.22,Dry Spell,136.5,2026-08-24,Grade B,2
AGR-0042,2026-09-04,CUST-0003,VIP,North Region,Export,PS-0105,Mixed Vegetable Lot,Vegetables,408,1.08,82.84,357.8,219.69,Bank Transfer,Completed,false,2,FRM-006,Vegetables,11.87,408,1198.9,69.41,61.54,Normal,206.3,2026-08-30,Grade C,4
AGR-0043,2026-09-09,CUST-0003,VIP,South Region,Wet Market,PS-0306,Poultry Lot,Livestock,69,2.97,0,204.93,93.24,Credit/Debit Card,Completed,false,4,FRM-044,Livestock,7.42,69,1396.2,53.49,31.56,Heavy Rain,160.5,2026-09-04,Grade B,2
AGR-0044,2026-09-11,CUST-0005,VIP,Metro Area,Direct Farm Sale,PS-0107,Mixed Vegetable Lot,Vegetables,136,1.06,15.57,128.59,61.59,Bank Transfer,Completed,true,4,FRM-013,Vegetables,6.42,136,451.8,31.12,20.57,Favorable,78.8,2026-09-05,Grade C,5
AGR-0045,2026-09-12,CUST-0012,New,Metro Area,Wet Market,PS-0308,Poultry Lot,Livestock,82,3.1,0,254.2,153.54,Online Payment,Completed,false,5,FRM-033,Livestock,8.84,82,536.5,74.48,37.11,Heavy Rain,132.8,2026-09-11,Grade C,3
AGR-0046,2026-09-15,CUST-0018,Returning,Metro Area,Direct Farm Sale,PS-0300,Poultry Lot,Livestock,148,3.12,0,461.76,243.81,Bank Transfer,Completed,false,5,FRM-014,Livestock,8.78,148,2446.1,133.91,58.64,Heavy Rain,104.6,2026-09-12,Grade A,3
AGR-0047,2026-09-19,CUST-0003,VIP,Metro Area,Export,PS-0101,Mixed Vegetable Lot,Vegetables,791,1.08,77.74,776.54,439.52,Bank Transfer,Completed,true,3,FRM-022,Vegetables,10,791,1143,224.42,151.43,Heavy Rain,157.1,2026-09-19,Grade C,39
AGR-0048,2026-09-20,CUST-0014,VIP,East Region,Wet Market,PS-0302,Poultry Lot,Livestock,138,3.22,0,444.36,226.18,Credit/Debit Card,Completed,false,3,FRM-038,Livestock,6.87,138,2693.7,85.76,88.43,Heavy Rain,64.6,2026-09-14,Grade C,6
AGR-0049,2026-09-25,CUST-0017,New,Metro Area,Wholesale Buyer,PS-0103,Mixed Vegetable Lot,Vegetables,795,1.07,0,850.65,498.48,Cash,Completed,false,4,FRM-025,Vegetables,9.68,795,1254.4,222.02,148.86,Heavy Rain,164.3,2026-09-20,Grade B,31
AGR-0050,2026-09-28,CUST-0004,VIP,North Region,Wet Market,PS-0104,Mixed Vegetable Lot,Vegetables,707,1.07,62.03,694.46,367.37,Credit/Debit Card,Completed,true,5,FRM-042,Vegetables,4.14,707,1597.8,136.81,91.67,Normal,144.4,2026-09-25,Grade C,16
