record_id,transaction_date,customer_id,customer_segment,region,channel,product_service_id,product_service_name,category,quantity,unit_price,discount_amount,revenue,direct_cost,payment_method,status,promotion_flag,customer_rating,order_id,item_type,artisan_id,production_hours,material_cost,packaging_cost,custom_order_flag,sales_channel,inventory_level,lead_time_days,return_flag
ART-0001,2026-03-08,CUST-0009,VIP,South Region,Boutique Partner,PS-0100,Handwoven Table Runner,Handwoven Textiles,1,16.02,2.26,13.76,4.77,Mobile Wallet,Completed,false,4,ORD-038,Handwoven Textiles,ART-001,15.5,3.72,0.77,false,Boutique Partner,106,12,false
ART-0002,2026-03-18,CUST-0004,VIP,North Region,Craft Fair,PS-0101,Handwoven Table Runner,Handwoven Textiles,6,16.17,16.4,80.62,30.07,Credit/Debit Card,Completed,true,4,ORD-020,Handwoven Textiles,ART-004,10.2,21.93,5.08,true,Craft Fair,74,7,false
ART-0003,2026-03-20,CUST-0003,VIP,North Region,Boutique Partner,PS-0102,Handwoven Table Runner,Handwoven Textiles,2,16.02,3.24,28.8,9.22,Cash,Completed,false,5,ORD-036,Handwoven Textiles,ART-007,6.1,6.02,1.5,true,Craft Fair,33,2,false
ART-0004,2026-03-22,CUST-0001,VIP,North Region,Boutique Partner,PS-0303,Beaded Necklace,Jewelry,1,10.39,0,10.39,4.75,Cash,Completed,false,5,ORD-007,Jewelry,ART-006,13.6,2.46,0.26,false,Online Shop,9,6,false
ART-0005,2026-03-24,CUST-0004,VIP,Metro Area,Boutique Partner,PS-0304,Beaded Necklace,Jewelry,4,10.08,4.48,35.84,16.63,Credit/Debit Card,Pending,true,2,ORD-003,Jewelry,ART-005,5.9,7.38,1.76,true,Online Shop,118,9,false
ART-0006,2026-04-03,CUST-0002,Returning,North Region,Craft Fair,PS-0205,Ceramic Vase,Pottery,3,21.75,0,65.25,28.32,Credit/Debit Card,Completed,false,4,ORD-020,Pottery,ART-006,18.5,15.14,3.52,false,Craft Fair,92,11,false
ART-0007,2026-04-08,CUST-0006,VIP,North Region,Boutique Partner,PS-0306,Beaded Necklace,Jewelry,4,11.84,0,47.36,22.54,Mobile Wallet,Completed,false,5,ORD-010,Jewelry,ART-003,5.3,11.22,0.99,false,Craft Fair,16,14,false
ART-0008,2026-04-17,CUST-0006,VIP,East Region,Craft Fair,PS-0107,Handwoven Table Runner,Handwoven Textiles,5,16.09,10.78,69.67,26.96,Bank Transfer,Pending,true,4,ORD-047,Handwoven Textiles,ART-003,6.2,19.3,2.3,true,Craft Fair,57,2,false
ART-0009,2026-04-27,CUST-0016,Returning,East Region,Boutique Partner,PS-0208,Ceramic Vase,Pottery,3,22.48,0,67.44,25.02,Bank Transfer,Completed,true,3,ORD-004,Pottery,ART-001,11.1,19.42,1.69,false,Boutique Partner,97,12,false
ART-0010,2026-05-05,CUST-0009,VIP,North Region,Boutique Partner,PS-0300,Beaded Necklace,Jewelry,2,11.36,0,22.72,9.63,Online Payment,Pending,true,5,ORD-004,Jewelry,ART-005,3.6,4.68,1.05,false,Boutique Partner,23,13,false
ART-0011,2026-05-08,CUST-0011,VIP,South Region,Online Shop,PS-0101,Handwoven Table Runner,Handwoven Textiles,2,15.78,0,31.56,12.5,Online Payment,Completed,false,4,ORD-012,Handwoven Textiles,ART-007,17.6,7.48,1.14,false,Craft Fair,95,8,true
ART-0012,2026-05-09,CUST-0005,VIP,Metro Area,Boutique Partner,PS-0302,Beaded Necklace,Jewelry,1,11.24,0,11.24,4.65,Mobile Wallet,Completed,false,3,ORD-009,Jewelry,ART-007,4.9,2.51,0.33,false,Craft Fair,20,7,true
ART-0013,2026-05-10,CUST-0008,VIP,East Region,Craft Fair,PS-0103,Handwoven Table Runner,Handwoven Textiles,5,16.04,0,80.2,28.07,Cash,Completed,false,1,ORD-034,Handwoven Textiles,ART-008,10.4,20.37,5.45,true,Boutique Partner,71,14,false
ART-0014,2026-05-17,CUST-0005,VIP,Metro Area,Craft Fair,PS-0304,Beaded Necklace,Jewelry,4,10.8,8.51,34.69,16.51,Online Payment,Completed,false,4,ORD-004,Jewelry,ART-008,3.2,7.56,0.8,false,Craft Fair,61,3,false
ART-0015,2026-05-22,CUST-0005,VIP,Metro Area,Boutique Partner,PS-0305,Beaded Necklace,Jewelry,2,10.58,2.24,18.92,6.96,Online Payment,Completed,false,4,ORD-016,Jewelry,ART-001,18.9,5.94,1.21,true,Craft Fair,17,5,true
ART-0016,2026-05-25,CUST-0006,VIP,South Region,Craft Fair,PS-0106,Handwoven Table Runner,Handwoven Textiles,1,15.82,0,15.82,7.44,Cash,Completed,false,3,ORD-006,Handwoven Textiles,ART-004,9.2,4.51,0.55,false,Craft Fair,66,1,false
ART-0017,2026-06-01,CUST-0008,VIP,Metro Area,Online Shop,PS-0207,Ceramic Vase,Pottery,3,21.43,0,64.29,24.24,Credit/Debit Card,Completed,true,5,ORD-035,Pottery,ART-004,12.8,16.84,4.18,true,Craft Fair,51,7,false
ART-0018,2026-06-09,CUST-0004,VIP,South Region,Boutique Partner,PS-0108,Handwoven Table Runner,Handwoven Textiles,3,16.04,0,48.12,14.63,Online Payment,Completed,false,5,ORD-036,Handwoven Textiles,ART-008,9.6,10.92,1.49,false,Craft Fair,54,8,false
ART-0019,2026-06-10,CUST-0008,VIP,South Region,Craft Fair,PS-0300,Beaded Necklace,Jewelry,5,10.73,7.4,46.25,19.79,Cash,Completed,false,3,ORD-044,Jewelry,ART-007,1.4,12.63,1.11,false,Online Shop,57,4,false
ART-0020,2026-06-12,CUST-0015,New,North Region,Online Shop,PS-0101,Handwoven Table Runner,Handwoven Textiles,3,16.14,0,48.42,20.09,Cash,Completed,false,4,ORD-044,Handwoven Textiles,ART-003,17.9,12.3,1.6,false,Craft Fair,51,7,false
ART-0021,2026-06-13,CUST-0003,VIP,North Region,Online Shop,PS-0102,Handwoven Table Runner,Handwoven Textiles,1,15.84,0,15.84,4.93,Online Payment,Cancelled,false,,ORD-007,Handwoven Textiles,ART-004,18,3.42,0.73,false,Online Shop,40,13,false
ART-0022,2026-06-17,CUST-0002,Returning,East Region,Online Shop,PS-0103,Handwoven Table Runner,Handwoven Textiles,1,15.84,0,15.84,6.92,Bank Transfer,Completed,false,4,ORD-012,Handwoven Textiles,ART-004,9.9,3.2,0.73,false,Boutique Partner,58,4,false
ART-0023,2026-06-18,CUST-0005,VIP,North Region,Craft Fair,PS-0204,Ceramic Vase,Pottery,1,23.25,3.35,19.9,6.79,Cash,Completed,false,5,ORD-045,Pottery,ART-006,8.3,6.29,0.52,true,Craft Fair,65,4,false
ART-0024,2026-06-19,CUST-0008,VIP,North Region,Online Shop,PS-0305,Beaded Necklace,Jewelry,4,11.67,0,46.68,19.61,Mobile Wallet,Completed,false,4,ORD-025,Jewelry,ART-008,4,13.91,1.4,false,Online Shop,58,14,true
ART-0025,2026-06-26,CUST-0007,New,Metro Area,Craft Fair,PS-0106,Handwoven Table Runner,Handwoven Textiles,5,15.91,12.49,67.06,29.31,Credit/Debit Card,Cancelled,true,,ORD-037,Handwoven Textiles,ART-003,3,17.44,2.28,false,Online Shop,26,8,false
ART-0026,2026-07-01,CUST-0005,VIP,East Region,Online Shop,PS-0307,Beaded Necklace,Jewelry,3,11.55,0,34.65,13.41,Bank Transfer,Completed,false,4,ORD-011,Jewelry,ART-002,5.1,8.32,0.9,false,Boutique Partner,18,2,false
ART-0027,2026-07-03,CUST-0003,VIP,Metro Area,Online Shop,PS-0208,Ceramic Vase,Pottery,2,22.55,0,45.1,19.48,Mobile Wallet,Completed,false,4,ORD-045,Pottery,ART-007,9.6,12.72,2.03,false,Boutique Partner,73,2,false
ART-0028,2026-07-08,CUST-0006,VIP,East Region,Craft Fair,PS-0300,Beaded Necklace,Jewelry,3,11.51,2.87,31.66,11.81,Mobile Wallet,Completed,true,4,ORD-028,Jewelry,ART-006,3.8,8.04,1.33,false,Boutique Partner,111,11,false
ART-0029,2026-07-20,CUST-0012,New,East Region,Online Shop,PS-0301,Beaded Necklace,Jewelry,5,11.17,8.6,47.25,18.57,Online Payment,Completed,false,4,ORD-012,Jewelry,ART-006,14.4,11.95,1.13,false,Craft Fair,36,3,false
ART-0030,2026-07-21,CUST-0011,VIP,Metro Area,Online Shop,PS-0102,Handwoven Table Runner,Handwoven Textiles,2,18.88,2.91,34.85,12.16,Credit/Debit Card,Completed,true,4,ORD-016,Handwoven Textiles,ART-008,9.5,7.18,2.27,false,Boutique Partner,21,14,false
ART-0031,2026-07-24,CUST-0001,VIP,Metro Area,Craft Fair,PS-0103,Handwoven Table Runner,Handwoven Textiles,2,19,4.79,33.21,11.32,Bank Transfer,Completed,false,4,ORD-025,Handwoven Textiles,ART-004,4.4,6.91,1.36,false,Online Shop,53,2,false
ART-0032,2026-07-25,CUST-0008,VIP,Metro Area,Online Shop,PS-0304,Beaded Necklace,Jewelry,3,10.43,0,31.29,11.08,Mobile Wallet,Completed,false,4,ORD-036,Jewelry,ART-008,19.5,8.35,1.72,false,Boutique Partner,110,6,false
ART-0033,2026-07-28,CUST-0010,VIP,North Region,Online Shop,PS-0305,Beaded Necklace,Jewelry,2,10.64,2.66,18.62,5.9,Credit/Debit Card,Completed,true,2,ORD-017,Jewelry,ART-007,11.3,3.85,0.88,false,Craft Fair,110,6,false
ART-0034,2026-08-03,CUST-0008,VIP,North Region,Boutique Partner,PS-0106,Handwoven Table Runner,Handwoven Textiles,3,18.63,0,55.89,17.05,Online Payment,Completed,false,1,ORD-005,Handwoven Textiles,ART-008,4.8,16.38,1.68,false,Boutique Partner,44,1,false
ART-0035,2026-08-05,CUST-0005,VIP,South Region,Boutique Partner,PS-0107,Handwoven Table Runner,Handwoven Textiles,3,18.61,0,55.83,24.62,Bank Transfer,Pending,false,5,ORD-047,Handwoven Textiles,ART-007,6.3,11.33,3.74,true,Craft Fair,99,9,false
ART-0036,2026-08-08,CUST-0016,Returning,Metro Area,Online Shop,PS-0108,Handwoven Table Runner,Handwoven Textiles,4,19.1,0,76.4,24.83,Bank Transfer,Cancelled,false,,ORD-039,Handwoven Textiles,ART-005,3.7,22.69,2.44,false,Craft Fair,21,2,false
ART-0037,2026-08-09,CUST-0010,VIP,East Region,Craft Fair,PS-0300,Beaded Necklace,Jewelry,1,10.88,0,10.88,3.92,Cash,Completed,false,5,ORD-014,Jewelry,ART-001,5.8,3.22,0.54,false,Craft Fair,13,12,false
ART-0038,2026-08-14,CUST-0003,VIP,North Region,Online Shop,PS-0301,Beaded Necklace,Jewelry,5,11.05,0,55.25,18.4,Online Payment,Cancelled,false,,ORD-036,Jewelry,ART-005,12.9,17.18,2.43,false,Craft Fair,32,8,false
ART-0039,2026-08-15,CUST-0009,VIP,Metro Area,Craft Fair,PS-0102,Handwoven Table Runner,Handwoven Textiles,2,18.99,0,37.98,13.56,Bank Transfer,Pending,false,5,ORD-005,Handwoven Textiles,ART-006,17.7,8.96,0.99,false,Boutique Partner,28,13,false
ART-0040,2026-08-18,CUST-0001,VIP,East Region,Craft Fair,PS-0203,Ceramic Vase,Pottery,1,23.05,4.1,18.95,8.66,Cash,Completed,false,4,ORD-007,Pottery,ART-008,5.2,5.55,0.47,false,Online Shop,96,8,false
ART-0041,2026-08-24,CUST-0013,New,South Region,Boutique Partner,PS-0104,Handwoven Table Runner,Handwoven Textiles,2,18.83,0,37.66,13.63,Mobile Wallet,Completed,false,4,ORD-033,Handwoven Textiles,ART-008,11.6,9.38,0.9,false,Online Shop,82,13,false
ART-0042,2026-09-05,CUST-0004,VIP,Metro Area,Craft Fair,PS-0105,Handwoven Table Runner,Handwoven Textiles,6,18.63,0,111.78,35.21,Bank Transfer,Completed,true,5,ORD-009,Handwoven Textiles,ART-002,8.5,27.05,5.14,false,Craft Fair,21,1,false
ART-0043,2026-09-06,CUST-0011,VIP,Metro Area,Boutique Partner,PS-0106,Handwoven Table Runner,Handwoven Textiles,1,18.76,0,18.76,5.76,Bank Transfer,Completed,false,4,ORD-027,Handwoven Textiles,ART-006,6,5.53,1.14,false,Craft Fair,40,11,false
ART-0044,2026-09-08,CUST-0005,VIP,North Region,Online Shop,PS-0107,Handwoven Table Runner,Handwoven Textiles,3,19.01,0,57.03,23.5,Online Payment,Completed,false,5,ORD-032,Handwoven Textiles,ART-007,13.5,11.46,3.59,false,Craft Fair,26,13,false
ART-0045,2026-09-09,CUST-0009,VIP,East Region,Online Shop,PS-0308,Beaded Necklace,Jewelry,2,10.62,2.97,18.27,7.86,Bank Transfer,Completed,true,5,ORD-008,Jewelry,ART-002,18.2,3.96,0.46,true,Boutique Partner,92,13,false
ART-0046,2026-09-10,CUST-0014,Returning,South Region,Online Shop,PS-0200,Ceramic Vase,Pottery,3,20.49,0,61.47,23.54,Online Payment,Completed,false,5,ORD-047,Pottery,ART-004,6,16.66,1.91,false,Boutique Partner,108,5,false
ART-0047,2026-09-12,CUST-0004,VIP,Metro Area,Craft Fair,PS-0301,Beaded Necklace,Jewelry,3,11.16,0,33.48,15.6,Credit/Debit Card,Completed,false,4,ORD-017,Jewelry,ART-007,3.4,10.68,0.77,false,Craft Fair,59,14,false
ART-0048,2026-09-17,CUST-0010,VIP,Metro Area,Boutique Partner,PS-0102,Handwoven Table Runner,Handwoven Textiles,4,18.8,0,75.2,27.22,Online Payment,Completed,false,2,ORD-043,Handwoven Textiles,ART-007,13.8,16.77,3.91,true,Craft Fair,64,2,false
ART-0049,2026-09-21,CUST-0014,Returning,Metro Area,Boutique Partner,PS-0203,Ceramic Vase,Pottery,1,20.68,0,20.68,6.62,Credit/Debit Card,Refunded,false,,ORD-038,Pottery,ART-007,14.4,5.36,0.7,false,Online Shop,39,8,false
ART-0050,2026-09-23,CUST-0001,VIP,Metro Area,Boutique Partner,PS-0204,Ceramic Vase,Pottery,2,22.67,0,45.34,13.96,Cash,Completed,false,3,ORD-020,Pottery,ART-003,7.1,10.2,3.13,false,Online Shop,26,2,false
