record_id,transaction_date,customer_id,customer_segment,region,channel,product_service_id,product_service_name,category,quantity,unit_price,discount_amount,revenue,direct_cost,payment_method,status,promotion_flag,customer_rating,service_order_id,vehicle_id,vehicle_type,service_type,mileage_km,labor_hours,parts_cost,labor_cost,service_duration_hours,repeat_repair_flag,warranty_flag,next_service_due_date
AUT-0001,2026-03-05,CUST-0001,VIP,South Region,Walk-in,PS-0100,Oil Change Service,Oil Change,1,17.98,2.55,15.43,5.59,Bank Transfer,Completed,false,4,SVO-015,VEH-002,Pickup,Oil Change,127499,2.4,4.86,2.28,2.5,false,false,2026-05-30
AUT-0002,2026-03-11,CUST-0005,VIP,South Region,Online Booking,PS-0201,Brake Pad Replacement,Brake Repair,1,53.5,6.47,47.03,20.65,Cash,Completed,true,5,SVO-044,VEH-008,SUV,Brake Repair,32858,1,16.55,7.15,2.5,false,false,2026-05-24
AUT-0003,2026-03-15,CUST-0001,VIP,South Region,Walk-in,PS-0102,Oil Change Service,Oil Change,1,17.98,1.76,16.22,7.04,Cash,Completed,false,3,SVO-037,VEH-004,SUV,Oil Change,55124,2.5,5.48,2.97,3.4,false,true,2026-08-21
AUT-0004,2026-03-22,CUST-0011,New,North Region,Phone Booking,PS-0103,Oil Change Service,Oil Change,1,17.99,0,17.99,6.67,Bank Transfer,Pending,false,5,SVO-020,VEH-012,Sedan,Oil Change,120548,1,6.69,2.41,1.3,false,false,2026-06-09
AUT-0005,2026-03-25,CUST-0005,VIP,North Region,Phone Booking,PS-0104,Oil Change Service,Oil Change,1,18,2.7,15.3,6.32,Mobile Wallet,Completed,true,4,SVO-048,VEH-012,Motorcycle,Oil Change,169961,3.6,5.34,2.3,3.1,false,true,2026-09-10
AUT-0006,2026-04-04,CUST-0010,VIP,East Region,Walk-in,PS-0205,Brake Pad Replacement,Brake Repair,1,59.53,4.52,55.01,21.23,Cash,Completed,true,5,SVO-042,VEH-002,SUV,Brake Repair,79079,0.7,15.13,7.15,2.1,false,false,2026-06-27
AUT-0007,2026-04-05,CUST-0003,VIP,Metro Area,Online Booking,PS-0306,Full Vehicle Detailing,Detailing,1,31.02,0,31.02,14.11,Cash,Completed,false,4,SVO-001,VEH-003,Pickup,Detailing,57257,2.8,11.51,3.85,2.8,true,false,2026-08-09
AUT-0008,2026-04-19,CUST-0016,Returning,North Region,Walk-in,PS-0107,Oil Change Service,Oil Change,1,18.24,0,18.24,9.3,Online Payment,Pending,false,5,SVO-020,VEH-009,Pickup,Oil Change,23727,1.9,5.64,2.46,3.1,false,false,2026-09-19
AUT-0009,2026-04-26,CUST-0016,Returning,North Region,Phone Booking,PS-0208,Brake Pad Replacement,Brake Repair,1,50.98,5.05,45.93,23.75,Credit/Debit Card,Completed,false,4,SVO-044,VEH-006,Pickup,Brake Repair,123974,3,14.19,7.58,4.1,false,true,2026-08-24
AUT-0010,2026-05-02,CUST-0006,New,North Region,Online Booking,PS-0100,Oil Change Service,Oil Change,1,17.96,2.59,15.37,6.29,Bank Transfer,Pending,true,3,SVO-048,VEH-009,Pickup,Oil Change,153661,5,3.97,1.78,2.6,false,false,2026-07-15
AUT-0011,2026-05-05,CUST-0004,VIP,North Region,Walk-in,PS-0101,Oil Change Service,Oil Change,1,17.79,0,17.79,6.62,Cash,Completed,false,3,SVO-028,VEH-004,Pickup,Oil Change,121063,3.7,6.12,3.11,0.8,false,false,2026-07-09
AUT-0012,2026-05-06,CUST-0002,VIP,South Region,Walk-in,PS-0202,Brake Pad Replacement,Brake Repair,1,54.95,0,54.95,26.05,Credit/Debit Card,Completed,false,4,SVO-039,VEH-012,Motorcycle,Brake Repair,118217,2.4,13.96,9.12,4.1,false,false,2026-07-31
AUT-0013,2026-05-13,CUST-0009,New,North Region,Online Booking,PS-0203,Brake Pad Replacement,Brake Repair,1,52.39,0,52.39,18.86,Bank Transfer,Completed,false,2,SVO-027,VEH-011,Sedan,Brake Repair,120584,5.7,13.62,6.34,5,false,true,2026-08-02
AUT-0014,2026-05-17,CUST-0010,VIP,East Region,Online Booking,PS-0104,Oil Change Service,Oil Change,1,18.1,0,18.1,7.8,Mobile Wallet,Completed,false,4,SVO-049,VEH-012,Pickup,Oil Change,52023,3.9,6.93,3.1,2.5,false,false,2026-10-31
AUT-0015,2026-05-21,CUST-0004,VIP,North Region,Online Booking,PS-0105,Oil Change Service,Oil Change,1,18.26,0,18.26,8.24,Bank Transfer,Completed,false,3,SVO-033,VEH-002,Sedan,Oil Change,54966,0.9,6.37,2.57,4.6,false,false,2026-08-24
AUT-0016,2026-05-24,CUST-0013,New,Metro Area,Walk-in,PS-0106,Oil Change Service,Oil Change,1,18.02,3.35,14.67,5.37,Credit/Debit Card,Cancelled,true,,SVO-021,VEH-004,Pickup,Oil Change,83441,2.1,5.22,2.77,2.4,false,false,2026-10-14
AUT-0017,2026-06-05,CUST-0005,VIP,Metro Area,Online Booking,PS-0107,Oil Change Service,Oil Change,1,18.09,0,18.09,7.6,Credit/Debit Card,Cancelled,false,,SVO-024,VEH-012,Sedan,Oil Change,71934,5.7,5.21,2.86,4.5,false,false,2026-10-19
AUT-0018,2026-06-12,CUST-0017,New,East Region,Online Booking,PS-0308,Full Vehicle Detailing,Detailing,1,33.41,3.11,30.3,11.03,Cash,Refunded,false,,SVO-042,VEH-008,Motorcycle,Detailing,167257,4.5,10.7,4.24,0.8,false,false,2026-11-28
AUT-0019,2026-06-14,CUST-0003,VIP,East Region,Phone Booking,PS-0100,Oil Change Service,Oil Change,1,18.21,0,18.21,7.32,Mobile Wallet,Completed,false,5,SVO-033,VEH-005,SUV,Oil Change,168221,5.8,6.08,3.33,3.7,false,false,2026-08-18
AUT-0020,2026-06-15,CUST-0002,VIP,South Region,Phone Booking,PS-0201,Brake Pad Replacement,Brake Repair,1,57.08,5.99,51.09,20.49,Credit/Debit Card,Cancelled,false,,SVO-007,VEH-004,SUV,Brake Repair,35750,4.2,16.04,5.21,4.3,false,false,2026-11-12
AUT-0021,2026-06-16,CUST-0003,VIP,South Region,Phone Booking,PS-0202,Brake Pad Replacement,Brake Repair,1,53.82,6.35,47.47,19.56,Bank Transfer,Refunded,false,,SVO-050,VEH-002,SUV,Brake Repair,152826,3.9,17.09,8.97,3,false,false,2026-09-30
AUT-0022,2026-06-17,CUST-0002,VIP,Metro Area,Phone Booking,PS-0303,Full Vehicle Detailing,Detailing,1,32.8,3.28,29.52,14.52,Cash,Completed,false,3,SVO-004,VEH-007,SUV,Detailing,52313,3.6,8.89,5.2,4.6,false,false,2026-11-16
AUT-0023,2026-06-28,CUST-0001,VIP,North Region,Phone Booking,PS-0104,Oil Change Service,Oil Change,1,17.79,0,17.79,8.41,Mobile Wallet,Completed,false,4,SVO-029,VEH-010,SUV,Oil Change,58120,3.1,4.57,2.29,1.2,false,false,2026-12-13
AUT-0024,2026-07-02,CUST-0014,Returning,East Region,Phone Booking,PS-0105,Oil Change Service,Oil Change,1,18.2,0,18.2,6.7,Credit/Debit Card,Completed,false,5,SVO-002,VEH-008,Sedan,Oil Change,154570,3.5,7.01,2.73,4.7,false,true,2026-11-05
AUT-0025,2026-07-10,CUST-0002,VIP,East Region,Online Booking,PS-0306,Full Vehicle Detailing,Detailing,1,31.32,0,31.32,13.03,Bank Transfer,Completed,false,4,SVO-035,VEH-006,Sedan,Detailing,151578,3.8,11.78,6.11,2,false,false,2026-10-14
AUT-0026,2026-07-14,CUST-0002,VIP,East Region,Online Booking,PS-0107,Oil Change Service,Oil Change,1,21.33,0,21.33,8.11,Mobile Wallet,Completed,false,5,SVO-037,VEH-006,Sedan,Oil Change,31404,5.8,6.65,3.14,0.8,false,false,2027-01-10
AUT-0027,2026-07-15,CUST-0003,VIP,South Region,Phone Booking,PS-0308,Full Vehicle Detailing,Detailing,1,34,0,34,16.66,Mobile Wallet,Completed,false,4,SVO-016,VEH-012,Pickup,Detailing,132905,2.5,9.42,6.73,4.5,false,false,2026-12-05
AUT-0028,2026-07-19,CUST-0002,VIP,Metro Area,Online Booking,PS-0100,Oil Change Service,Oil Change,1,20.93,0,20.93,8.12,Credit/Debit Card,Completed,false,5,SVO-031,VEH-003,Pickup,Oil Change,58893,2.4,6.15,2.72,3.2,false,false,2026-12-08
AUT-0029,2026-07-20,CUST-0010,VIP,South Region,Phone Booking,PS-0201,Brake Pad Replacement,Brake Repair,1,59.22,0,59.22,25.94,Bank Transfer,Completed,false,3,SVO-003,VEH-006,Pickup,Brake Repair,32925,2.5,18.12,7.11,4.3,false,false,2026-09-23
AUT-0030,2026-07-21,CUST-0010,VIP,East Region,Phone Booking,PS-0302,Full Vehicle Detailing,Detailing,1,31.44,0,31.44,11.1,Online Payment,Completed,false,5,SVO-035,VEH-003,SUV,Detailing,160742,2.1,11.85,4.9,5,false,false,2026-10-27
AUT-0031,2026-07-22,CUST-0003,VIP,East Region,Online Booking,PS-0103,Oil Change Service,Oil Change,1,21.04,2.95,18.09,8.61,Bank Transfer,Completed,true,3,SVO-023,VEH-001,Pickup,Oil Change,175181,4.6,5.12,2.79,1.8,false,false,2026-12-29
AUT-0032,2026-07-26,CUST-0004,VIP,South Region,Phone Booking,PS-0204,Brake Pad Replacement,Brake Repair,1,53.81,2.8,51.01,19.59,Mobile Wallet,Completed,false,4,SVO-049,VEH-011,Motorcycle,Brake Repair,94539,4.2,18.01,5.2,3.2,false,false,2026-10-06
AUT-0033,2026-07-28,CUST-0001,VIP,Metro Area,Online Booking,PS-0305,Full Vehicle Detailing,Detailing,1,31.5,0,31.5,14.02,Bank Transfer,Completed,false,5,SVO-034,VEH-008,Pickup,Detailing,62580,4.5,9.04,4.85,3.4,false,false,2026-12-11
AUT-0034,2026-08-02,CUST-0004,VIP,North Region,Phone Booking,PS-0106,Oil Change Service,Oil Change,1,21,0,21,8.06,Bank Transfer,Completed,false,5,SVO-034,VEH-010,Motorcycle,Oil Change,61019,1.5,5.71,3.89,2.6,false,false,2026-11-12
AUT-0035,2026-08-04,CUST-0005,VIP,South Region,Online Booking,PS-0107,Oil Change Service,Oil Change,1,21.19,0,21.19,8.18,Mobile Wallet,Completed,false,5,SVO-008,VEH-012,Pickup,Oil Change,26057,3.9,6.93,3.45,4.9,true,false,2026-12-23
AUT-0036,2026-08-12,CUST-0003,VIP,North Region,Online Booking,PS-0208,Brake Pad Replacement,Brake Repair,1,56.73,0,56.73,25.87,Online Payment,Cancelled,false,,SVO-017,VEH-012,Sedan,Brake Repair,85437,5.4,17.76,6.41,0.6,false,false,2026-12-18
AUT-0037,2026-08-13,CUST-0004,VIP,Metro Area,Online Booking,PS-0300,Full Vehicle Detailing,Detailing,1,30.52,2.5,28.02,9.89,Bank Transfer,Cancelled,false,,SVO-032,VEH-004,Pickup,Detailing,175355,3.2,9.75,5.3,1.4,false,false,2026-11-10
AUT-0038,2026-08-16,CUST-0003,VIP,East Region,Phone Booking,PS-0201,Brake Pad Replacement,Brake Repair,1,51.7,0,51.7,23.32,Online Payment,Completed,false,3,SVO-033,VEH-007,Sedan,Brake Repair,6832,5,18.2,9.46,1.5,false,false,2026-11-05
AUT-0039,2026-08-18,CUST-0005,VIP,Metro Area,Online Booking,PS-0102,Oil Change Service,Oil Change,1,21.27,0,21.27,9,Bank Transfer,Completed,false,3,SVO-032,VEH-003,Sedan,Oil Change,88642,3.1,5.89,3.17,1.2,true,true,2026-10-17
AUT-0040,2026-08-20,CUST-0002,VIP,North Region,Walk-in,PS-0103,Oil Change Service,Oil Change,1,21.26,0,21.26,7.8,Mobile Wallet,Completed,false,4,SVO-047,VEH-003,Pickup,Oil Change,62751,4.5,8.25,2.74,3.1,false,true,2026-10-31
AUT-0041,2026-08-21,CUST-0007,Returning,East Region,Walk-in,PS-0104,Oil Change Service,Oil Change,1,21.41,1.13,20.28,9.47,Mobile Wallet,Completed,false,5,SVO-011,VEH-001,Pickup,Oil Change,10745,1,5.6,3.65,3.7,false,false,2027-01-08
AUT-0042,2026-09-04,CUST-0002,VIP,East Region,Phone Booking,PS-0305,Full Vehicle Detailing,Detailing,1,34.94,0,34.94,13.24,Online Payment,Completed,false,5,SVO-004,VEH-003,Sedan,Detailing,36154,2.4,11.04,5.49,1.3,false,false,2026-11-28
AUT-0043,2026-09-07,CUST-0007,Returning,Metro Area,Walk-in,PS-0106,Oil Change Service,Oil Change,1,21.35,2.39,18.96,7.24,Bank Transfer,Completed,true,4,SVO-048,VEH-008,Sedan,Oil Change,118287,0.8,7.24,3.66,2.3,false,false,2027-01-24
AUT-0044,2026-09-10,CUST-0014,Returning,South Region,Online Booking,PS-0207,Brake Pad Replacement,Brake Repair,1,53.75,8.65,45.1,18.45,Cash,Completed,false,3,SVO-041,VEH-009,Pickup,Brake Repair,171951,2.7,11.41,5.32,2.3,false,false,2026-11-28
AUT-0045,2026-09-11,CUST-0001,VIP,East Region,Online Booking,PS-0208,Brake Pad Replacement,Brake Repair,1,52.82,6.55,46.27,19.48,Bank Transfer,Completed,true,4,SVO-015,VEH-001,Pickup,Brake Repair,49878,5.4,17.54,6.99,3.4,false,false,2026-12-22
AUT-0046,2026-09-13,CUST-0004,VIP,North Region,Phone Booking,PS-0100,Oil Change Service,Oil Change,1,21.54,3.32,18.22,8.56,Bank Transfer,Completed,false,3,SVO-002,VEH-008,Sedan,Oil Change,48715,4,4.99,3.35,1,true,false,2026-12-18
AUT-0047,2026-09-20,CUST-0004,VIP,South Region,Walk-in,PS-0101,Oil Change Service,Oil Change,1,21.2,0,21.2,10.09,Credit/Debit Card,Completed,false,5,SVO-019,VEH-010,SUV,Oil Change,103945,0.5,7.27,2.61,5,false,false,2027-01-28
AUT-0048,2026-09-22,CUST-0002,VIP,North Region,Walk-in,PS-0102,Oil Change Service,Oil Change,1,21.44,0,21.44,10.68,Mobile Wallet,Completed,false,5,SVO-023,VEH-003,SUV,Oil Change,10769,5.4,6.45,2.38,3.1,false,true,2026-12-17
AUT-0049,2026-09-23,CUST-0005,VIP,East Region,Phone Booking,PS-0203,Brake Pad Replacement,Brake Repair,1,56.8,0,56.8,24.25,Mobile Wallet,Completed,false,4,SVO-001,VEH-012,SUV,Brake Repair,104845,5.9,21.13,7.04,4.1,false,false,2027-02-10
AUT-0050,2026-09-25,CUST-0012,New,North Region,Phone Booking,PS-0204,Brake Pad Replacement,Brake Repair,1,54.58,0,54.58,22.6,Online Payment,Completed,false,5,SVO-025,VEH-001,Motorcycle,Brake Repair,97191,3.4,21.67,5.89,1.4,false,true,2026-12-28
