record_id,transaction_date,customer_id,customer_segment,region,channel,product_service_id,product_service_name,category,quantity,unit_price,discount_amount,revenue,direct_cost,payment_method,status,promotion_flag,customer_rating,appointment_id,service_type,staff_id,appointment_date,service_duration_minutes,product_cost,staff_commission,booking_source,no_show_flag,repeat_customer_flag,membership_plan
BEA-0001,2026-03-07,CUST-0006,VIP,Metro Area,Walk-in,PS-0300,Manicure & Pedicure,Nail Care,1,19.76,3.89,15.87,4.6,Cash,Completed,true,3,APT-020,Nail Care,STF-003,2026-03-07,74,2.33,2.67,Walk-in,false,true,None
BEA-0002,2026-03-13,CUST-0004,VIP,North Region,Online Booking,PS-0201,Full Body Massage,Spa Treatment,1,34.6,2.08,32.52,11.71,Online Payment,Pending,true,5,APT-010,Spa Treatment,STF-006,2026-03-13,36,5.24,5.53,Phone,false,true,None
BEA-0003,2026-03-22,CUST-0009,VIP,North Region,Phone Booking,PS-0102,Haircut & Style,Haircut,1,14.2,2.07,12.13,4.6,Online Payment,Completed,false,5,APT-010,Haircut,STF-004,2026-03-22,33,1.86,2.1,Social Media,true,true,VIP Membership
BEA-0004,2026-04-09,CUST-0004,VIP,East Region,Online Booking,PS-0103,Haircut & Style,Haircut,1,13.93,0,13.93,3.68,Online Payment,Completed,false,4,APT-020,Haircut,STF-003,2026-04-09,42,1.23,1.66,Phone,true,true,VIP Membership
BEA-0005,2026-04-10,CUST-0013,New,North Region,Phone Booking,PS-0304,Manicure & Pedicure,Nail Care,1,16.74,1.79,14.95,4.78,Bank Transfer,Completed,false,4,APT-022,Nail Care,STF-003,2026-04-10,52,1.73,2.75,Phone,false,false,Monthly Pass
BEA-0006,2026-04-12,CUST-0004,VIP,North Region,Online Booking,PS-0305,Manicure & Pedicure,Nail Care,1,16.69,0,16.69,5.86,Bank Transfer,Cancelled,false,,APT-021,Nail Care,STF-003,2026-04-12,16,2.27,3.12,Social Media,false,true,None
BEA-0007,2026-04-15,CUST-0012,New,South Region,Phone Booking,PS-0206,Full Body Massage,Spa Treatment,1,33.33,4,29.33,10.91,Credit/Debit Card,Completed,false,5,APT-028,Spa Treatment,STF-001,2026-04-15,85,3.52,5.84,Walk-in,false,false,VIP Membership
BEA-0008,2026-04-23,CUST-0004,VIP,Metro Area,Phone Booking,PS-0107,Haircut & Style,Haircut,1,13.98,0,13.98,5.1,Cash,Completed,false,2,APT-002,Haircut,STF-005,2026-04-23,86,1.73,1.78,Phone,false,true,VIP Membership
BEA-0009,2026-04-27,CUST-0006,VIP,North Region,Walk-in,PS-0108,Haircut & Style,Haircut,1,14.07,0,14.07,3.73,Bank Transfer,Completed,false,4,APT-035,Haircut,STF-002,2026-04-27,76,2.1,2.49,Walk-in,false,true,Monthly Pass
BEA-0010,2026-05-01,CUST-0005,VIP,South Region,Phone Booking,PS-0300,Manicure & Pedicure,Nail Care,1,18.91,0,18.91,6.49,Online Payment,Completed,false,5,APT-024,Nail Care,STF-005,2026-05-01,23,1.65,3.73,Social Media,false,true,VIP Membership
BEA-0011,2026-05-04,CUST-0003,VIP,South Region,Phone Booking,PS-0101,Haircut & Style,Haircut,1,14.01,0,14.01,4.97,Bank Transfer,Completed,false,5,APT-037,Haircut,STF-001,2026-05-04,62,1.63,1.95,App,false,true,None
BEA-0012,2026-05-07,CUST-0009,VIP,East Region,Online Booking,PS-0102,Haircut & Style,Haircut,1,13.82,1.46,12.36,3.42,Online Payment,Completed,true,5,APT-004,Haircut,STF-006,2026-05-07,70,1.74,1.82,Phone,false,true,None
BEA-0013,2026-05-10,CUST-0004,VIP,Metro Area,Walk-in,PS-0203,Full Body Massage,Spa Treatment,1,31.12,0,31.12,9.55,Cash,Completed,false,5,APT-008,Spa Treatment,STF-005,2026-05-10,57,3.83,4.45,App,false,true,None
BEA-0014,2026-05-16,CUST-0004,VIP,North Region,Phone Booking,PS-0104,Haircut & Style,Haircut,1,13.83,0,13.83,3.32,Online Payment,Refunded,false,,APT-012,Haircut,STF-001,2026-05-16,79,1.63,1.55,Phone,false,true,Monthly Pass
BEA-0015,2026-05-18,CUST-0002,VIP,East Region,Online Booking,PS-0105,Haircut & Style,Haircut,1,14.03,1.91,12.12,3.55,Credit/Debit Card,Completed,false,5,APT-024,Haircut,STF-006,2026-05-18,41,1.93,1.5,Social Media,false,true,VIP Membership
BEA-0016,2026-05-25,CUST-0005,VIP,North Region,Walk-in,PS-0306,Manicure & Pedicure,Nail Care,1,18.02,0,18.02,4.02,Cash,Completed,true,4,APT-009,Nail Care,STF-006,2026-05-25,79,3.05,2.52,App,false,true,None
BEA-0017,2026-06-03,CUST-0001,VIP,Metro Area,Phone Booking,PS-0307,Manicure & Pedicure,Nail Care,1,17,0.94,16.06,5.48,Cash,Completed,false,4,APT-013,Nail Care,STF-006,2026-06-03,68,2.62,2.15,Walk-in,false,true,Monthly Pass
BEA-0018,2026-06-04,CUST-0007,Returning,East Region,Online Booking,PS-0108,Haircut & Style,Haircut,1,14,2.53,11.47,2.92,Mobile Wallet,Completed,true,3,APT-028,Haircut,STF-005,2026-06-04,53,0.97,2.2,App,false,true,None
BEA-0019,2026-06-11,CUST-0004,VIP,East Region,Walk-in,PS-0100,Haircut & Style,Haircut,1,14.21,0,14.21,5.39,Bank Transfer,Completed,false,4,APT-011,Haircut,STF-001,2026-06-11,40,2.27,2.74,Social Media,false,true,Monthly Pass
BEA-0020,2026-06-12,CUST-0017,New,North Region,Phone Booking,PS-0101,Haircut & Style,Haircut,1,14.2,1.32,12.88,4.82,Bank Transfer,Pending,true,4,APT-038,Haircut,STF-005,2026-06-12,30,2.15,1.82,Walk-in,false,false,Monthly Pass
BEA-0021,2026-06-13,CUST-0006,VIP,Metro Area,Online Booking,PS-0102,Haircut & Style,Haircut,1,14.19,1.4,12.79,4.55,Cash,Completed,true,4,APT-046,Haircut,STF-001,2026-06-13,83,1.8,2.03,Walk-in,false,true,VIP Membership
BEA-0022,2026-06-14,CUST-0004,VIP,South Region,Walk-in,PS-0203,Full Body Massage,Spa Treatment,1,32.53,4.59,27.94,7.82,Bank Transfer,Refunded,true,,APT-016,Spa Treatment,STF-005,2026-06-14,63,4.14,3.24,App,false,true,Monthly Pass
BEA-0023,2026-06-15,CUST-0002,VIP,East Region,Phone Booking,PS-0104,Haircut & Style,Haircut,1,14.18,1.12,13.06,4.47,Cash,Completed,false,4,APT-029,Haircut,STF-005,2026-06-15,81,2.01,1.37,Phone,false,true,VIP Membership
BEA-0024,2026-06-17,CUST-0005,VIP,North Region,Walk-in,PS-0205,Full Body Massage,Spa Treatment,1,31.26,4.5,26.76,8.19,Online Payment,Completed,true,5,APT-005,Spa Treatment,STF-005,2026-06-17,36,4.28,4.9,Phone,false,true,None
BEA-0025,2026-06-20,CUST-0005,VIP,East Region,Online Booking,PS-0306,Manicure & Pedicure,Nail Care,1,19.52,0,19.52,6.56,Online Payment,Completed,false,3,APT-015,Nail Care,STF-006,2026-06-20,74,1.66,1.97,Social Media,false,true,Monthly Pass
BEA-0026,2026-07-04,CUST-0001,VIP,East Region,Walk-in,PS-0107,Haircut & Style,Haircut,1,16.57,0,16.57,5.85,Bank Transfer,Cancelled,true,,APT-023,Haircut,STF-006,2026-07-04,25,2.93,1.87,Social Media,false,true,Monthly Pass
BEA-0027,2026-07-10,CUST-0009,VIP,Metro Area,Walk-in,PS-0208,Full Body Massage,Spa Treatment,1,33.22,0,33.22,12.36,Credit/Debit Card,Pending,false,5,APT-019,Spa Treatment,STF-002,2026-07-10,47,5.15,4.68,Walk-in,false,true,Monthly Pass
BEA-0028,2026-07-17,CUST-0006,VIP,South Region,Phone Booking,PS-0200,Full Body Massage,Spa Treatment,1,30.9,0,30.9,8.44,Mobile Wallet,Completed,false,3,APT-024,Spa Treatment,STF-006,2026-07-17,69,3.58,4.23,Walk-in,false,true,None
BEA-0029,2026-07-18,CUST-0003,VIP,East Region,Phone Booking,PS-0101,Haircut & Style,Haircut,1,16.66,2,14.66,4.22,Mobile Wallet,Refunded,false,,APT-030,Haircut,STF-002,2026-07-18,71,1.85,1.5,Walk-in,true,true,None
BEA-0030,2026-07-20,CUST-0004,VIP,South Region,Phone Booking,PS-0202,Full Body Massage,Spa Treatment,1,32.62,0,32.62,9.36,Cash,Completed,false,5,APT-005,Spa Treatment,STF-001,2026-07-20,69,2.77,5.25,Phone,false,true,Monthly Pass
BEA-0031,2026-07-21,CUST-0015,New,Metro Area,Phone Booking,PS-0103,Haircut & Style,Haircut,1,16.33,0,16.33,5.73,Bank Transfer,Completed,false,4,APT-043,Haircut,STF-001,2026-07-21,57,2.71,2.04,Phone,false,false,VIP Membership
BEA-0032,2026-07-24,CUST-0002,VIP,East Region,Phone Booking,PS-0104,Haircut & Style,Haircut,1,16.56,0,16.56,3.79,Online Payment,Completed,false,4,APT-035,Haircut,STF-002,2026-07-24,38,1.57,1.76,Social Media,false,true,VIP Membership
BEA-0033,2026-07-26,CUST-0016,New,Metro Area,Online Booking,PS-0305,Manicure & Pedicure,Nail Care,1,17.14,3.22,13.92,3.08,Online Payment,Completed,false,3,APT-025,Nail Care,STF-004,2026-07-26,87,1.81,1.52,Phone,false,false,None
BEA-0034,2026-08-02,CUST-0002,VIP,Metro Area,Online Booking,PS-0306,Manicure & Pedicure,Nail Care,1,19.29,2.51,16.78,4.26,Bank Transfer,Completed,false,4,APT-005,Nail Care,STF-001,2026-08-02,67,2.87,2.57,Social Media,false,true,None
BEA-0035,2026-08-08,CUST-0002,VIP,North Region,Online Booking,PS-0307,Manicure & Pedicure,Nail Care,1,19.27,1.1,18.17,5.07,Mobile Wallet,Completed,true,2,APT-041,Nail Care,STF-004,2026-08-08,50,1.74,3.42,App,false,true,Monthly Pass
BEA-0036,2026-08-11,CUST-0002,VIP,East Region,Online Booking,PS-0308,Manicure & Pedicure,Nail Care,1,17.31,0,17.31,5.73,Bank Transfer,Completed,false,4,APT-021,Nail Care,STF-006,2026-08-11,87,2.39,3.03,App,false,true,None
BEA-0037,2026-08-13,CUST-0010,Returning,South Region,Phone Booking,PS-0300,Manicure & Pedicure,Nail Care,1,18.09,0,18.09,6.6,Online Payment,Completed,false,5,APT-016,Nail Care,STF-004,2026-08-13,69,2.98,2.64,Walk-in,false,true,None
BEA-0038,2026-08-19,CUST-0007,Returning,Metro Area,Online Booking,PS-0301,Manicure & Pedicure,Nail Care,1,18.54,1.41,17.13,5.19,Mobile Wallet,Completed,true,5,APT-004,Nail Care,STF-001,2026-08-19,90,1.78,2.81,Phone,false,true,None
BEA-0039,2026-08-20,CUST-0008,VIP,East Region,Phone Booking,PS-0302,Manicure & Pedicure,Nail Care,1,19.6,0,19.6,6.78,Online Payment,Completed,false,4,APT-025,Nail Care,STF-002,2026-08-20,51,2,2.82,Social Media,false,true,None
BEA-0040,2026-08-23,CUST-0006,VIP,East Region,Walk-in,PS-0103,Haircut & Style,Haircut,1,16.39,0,16.39,5,Credit/Debit Card,Cancelled,false,,APT-024,Haircut,STF-005,2026-08-23,65,2.54,3.16,Social Media,false,true,VIP Membership
BEA-0041,2026-08-27,CUST-0008,VIP,Metro Area,Walk-in,PS-0204,Full Body Massage,Spa Treatment,1,31.02,0,31.02,9.46,Credit/Debit Card,Completed,false,5,APT-012,Spa Treatment,STF-002,2026-08-27,62,4.47,5.37,Phone,false,true,Monthly Pass
BEA-0042,2026-09-02,CUST-0001,VIP,South Region,Walk-in,PS-0205,Full Body Massage,Spa Treatment,1,31.55,0,31.55,7.41,Mobile Wallet,Completed,false,3,APT-038,Spa Treatment,STF-006,2026-09-02,41,4.35,4.26,Walk-in,true,true,Monthly Pass
BEA-0043,2026-09-04,CUST-0005,VIP,South Region,Online Booking,PS-0306,Manicure & Pedicure,Nail Care,1,17.51,2.94,14.57,5.23,Bank Transfer,Completed,true,3,APT-005,Nail Care,STF-004,2026-09-04,68,1.33,2.32,Phone,false,true,Monthly Pass
BEA-0044,2026-09-05,CUST-0001,VIP,North Region,Online Booking,PS-0107,Haircut & Style,Haircut,1,16.55,0,16.55,5.25,Online Payment,Completed,false,4,APT-004,Haircut,STF-005,2026-09-05,80,2.32,2.98,App,false,true,VIP Membership
BEA-0045,2026-09-11,CUST-0010,Returning,East Region,Phone Booking,PS-0108,Haircut & Style,Haircut,1,16.76,0,16.76,4.63,Mobile Wallet,Completed,false,3,APT-021,Haircut,STF-006,2026-09-11,71,2.04,2.75,App,false,true,None
BEA-0046,2026-09-12,CUST-0018,New,South Region,Online Booking,PS-0300,Manicure & Pedicure,Nail Care,1,17.2,0,17.2,3.97,Cash,Completed,false,3,APT-004,Nail Care,STF-005,2026-09-12,52,2.99,2.48,Phone,false,false,Monthly Pass
BEA-0047,2026-09-20,CUST-0008,VIP,East Region,Walk-in,PS-0101,Haircut & Style,Haircut,1,16.64,0,16.64,5.51,Mobile Wallet,Completed,false,5,APT-041,Haircut,STF-001,2026-09-20,81,2.36,2.3,App,false,true,Monthly Pass
BEA-0048,2026-09-21,CUST-0005,VIP,North Region,Online Booking,PS-0202,Full Body Massage,Spa Treatment,1,30.25,2.81,27.44,8.23,Online Payment,Completed,true,5,APT-045,Spa Treatment,STF-003,2026-09-21,77,4.61,4.45,Social Media,true,true,VIP Membership
BEA-0049,2026-09-23,CUST-0003,VIP,North Region,Online Booking,PS-0103,Haircut & Style,Haircut,1,16.68,0,16.68,4.97,Bank Transfer,Cancelled,false,,APT-007,Haircut,STF-003,2026-09-23,89,1.6,1.77,Walk-in,false,true,Monthly Pass
BEA-0050,2026-09-27,CUST-0001,VIP,North Region,Phone Booking,PS-0104,Haircut & Style,Haircut,1,16.6,3.05,13.55,3.48,Credit/Debit Card,Completed,true,2,APT-008,Haircut,STF-004,2026-09-27,86,1.96,2.55,Walk-in,false,true,VIP Membership
