record_id,transaction_date,customer_id,customer_segment,region,channel,product_service_id,product_service_name,category,quantity,unit_price,discount_amount,revenue,direct_cost,payment_method,status,promotion_flag,customer_rating,job_id,service_type,project_start_date,project_end_date,labor_hours,labor_cost,material_cost,equipment_cost,estimated_cost,actual_cost,completion_delay_days,rework_flag
CON-0001,2026-03-19,CUST-0003,VIP,South Region,Online Inquiry,PS-0100,Electrical Wiring Job,Electrical,1,82.38,0,82.38,49.84,Credit/Debit Card,Pending,false,3,JOB-031,Electrical,2026-03-19,2026-03-23,26.9,18.45,23.07,2.31,44.66,49.84,3,false
CON-0002,2026-03-20,CUST-0005,VIP,South Region,Online Inquiry,PS-0101,Electrical Wiring Job,Electrical,1,90.7,0,90.7,42.08,Online Payment,Completed,false,4,JOB-024,Electrical,2026-03-17,2026-03-27,67.2,23.58,16.87,6.98,40.99,42.08,6,false
CON-0003,2026-03-21,CUST-0009,VIP,South Region,Repeat Client,PS-0302,Room Renovation Job,Renovation,1,423.82,0,423.82,245.82,Bank Transfer,Completed,false,4,JOB-028,Renovation,2026-03-21,2026-03-23,13.1,113.16,123.33,8.9,210.67,245.82,2,false
CON-0004,2026-04-06,CUST-0003,VIP,North Region,Referral,PS-0103,Electrical Wiring Job,Electrical,1,88.69,0,88.69,50.11,Bank Transfer,Completed,false,5,JOB-005,Electrical,2026-04-02,2026-04-20,29.9,22.7,20.93,4.88,44.6,50.11,3,false
CON-0005,2026-04-07,CUST-0005,VIP,South Region,Online Inquiry,PS-0204,Plumbing Repair Job,Plumbing,1,53.24,0,53.24,26.78,Online Payment,Completed,false,2,JOB-045,Plumbing,2026-04-05,2026-04-19,33.3,12.09,12.56,4.15,25.9,26.78,3,false
CON-0006,2026-04-09,CUST-0001,VIP,Metro Area,Repeat Client,PS-0105,Electrical Wiring Job,Electrical,1,83.43,15.6,67.83,34.39,Online Payment,Completed,false,4,JOB-047,Electrical,2026-04-06,2026-04-10,4.2,16.62,15.13,4.48,33.94,34.39,3,false
CON-0007,2026-04-15,CUST-0015,Returning,Metro Area,Online Inquiry,PS-0306,Room Renovation Job,Renovation,1,419.54,0,419.54,246.69,Mobile Wallet,Completed,false,5,JOB-007,Renovation,2026-04-10,2026-04-19,52.8,141.38,108.66,12.17,243.48,246.69,1,false
CON-0008,2026-04-21,CUST-0001,VIP,North Region,Online Inquiry,PS-0107,Electrical Wiring Job,Electrical,1,83.9,0,83.9,42.87,Cash,Completed,true,3,JOB-020,Electrical,2026-04-16,2026-04-28,60.9,25.25,20.89,2.01,37.25,42.87,2,false
CON-0009,2026-04-25,CUST-0011,New,Metro Area,Referral,PS-0208,Plumbing Repair Job,Plumbing,1,57.02,0,57.02,33.07,Mobile Wallet,Completed,false,5,JOB-027,Plumbing,2026-04-21,2026-04-27,65.9,14.2,16.25,1.37,29,33.07,2,false
CON-0010,2026-05-05,CUST-0004,VIP,East Region,Repeat Client,PS-0200,Plumbing Repair Job,Plumbing,1,57.52,0,57.52,26.75,Mobile Wallet,Completed,false,5,JOB-034,Plumbing,2026-05-03,2026-05-16,27.9,12.48,9.09,2.19,25.23,26.75,2,false
CON-0011,2026-05-08,CUST-0007,VIP,South Region,Repeat Client,PS-0301,Room Renovation Job,Renovation,1,420.88,72.39,348.49,214.67,Mobile Wallet,Completed,true,4,JOB-047,Renovation,2026-05-03,2026-05-14,25.4,73.88,86.77,25.09,208.44,214.67,1,true
CON-0012,2026-05-09,CUST-0002,VIP,East Region,Referral,PS-0302,Room Renovation Job,Renovation,1,424.33,0,424.33,199.44,Mobile Wallet,Completed,false,5,JOB-004,Renovation,2026-05-08,2026-05-20,37.1,119.66,102.26,24.19,192.06,199.44,0,false
CON-0013,2026-05-12,CUST-0002,VIP,North Region,Online Inquiry,PS-0203,Plumbing Repair Job,Plumbing,1,58.14,8.49,49.65,30.49,Mobile Wallet,Pending,false,5,JOB-025,Plumbing,2026-05-10,2026-05-16,36.1,14.2,8.79,1.04,28.08,30.49,6,false
CON-0014,2026-05-16,CUST-0001,VIP,South Region,Online Inquiry,PS-0104,Electrical Wiring Job,Electrical,1,86.72,0,86.72,51.95,Credit/Debit Card,Completed,false,1,JOB-008,Electrical,2026-05-12,2026-05-26,16.5,23.93,14.74,5.9,50.81,51.95,6,false
CON-0015,2026-05-17,CUST-0012,New,East Region,Referral,PS-0105,Electrical Wiring Job,Electrical,1,84.61,9.05,75.56,45.18,Cash,Completed,true,4,JOB-004,Electrical,2026-05-15,2026-05-30,67.6,19.34,16.4,2.8,43.64,45.18,4,false
CON-0016,2026-05-25,CUST-0003,VIP,South Region,Referral,PS-0206,Plumbing Repair Job,Plumbing,1,53.18,7.66,45.52,22.35,Bank Transfer,Completed,false,3,JOB-031,Plumbing,2026-05-20,2026-05-31,50.5,14.07,9.51,1.23,20.83,22.35,4,true
CON-0017,2026-06-04,CUST-0001,VIP,South Region,Referral,PS-0107,Electrical Wiring Job,Electrical,1,79.7,5.26,74.44,43.99,Online Payment,Completed,false,4,JOB-020,Electrical,2026-05-31,2026-06-10,36.5,16.23,19.73,5.73,43.68,43.99,5,false
CON-0018,2026-06-06,CUST-0004,VIP,East Region,Referral,PS-0108,Electrical Wiring Job,Electrical,1,86.97,0,86.97,48.09,Cash,Completed,false,5,JOB-029,Electrical,2026-06-01,2026-06-13,21.3,26.18,20.18,1.91,44.24,48.09,3,false
CON-0019,2026-06-07,CUST-0005,VIP,East Region,Referral,PS-0300,Room Renovation Job,Renovation,1,415.46,66.89,348.57,193.8,Online Payment,Completed,true,5,JOB-050,Renovation,2026-06-07,2026-06-21,16.9,115.03,55.42,11.5,176.75,193.8,6,false
CON-0020,2026-06-11,CUST-0009,VIP,North Region,Online Inquiry,PS-0201,Plumbing Repair Job,Plumbing,1,56.93,0,56.93,27.38,Mobile Wallet,Completed,false,4,JOB-035,Plumbing,2026-06-08,2026-06-12,67.5,11.96,12.64,2.39,24.81,27.38,2,true
CON-0021,2026-06-15,CUST-0005,VIP,North Region,Online Inquiry,PS-0202,Plumbing Repair Job,Plumbing,1,50.3,0,50.3,23.14,Mobile Wallet,Completed,true,5,JOB-050,Plumbing,2026-06-13,2026-06-24,73.5,16.25,10.46,2.16,22.7,23.14,2,false
CON-0022,2026-06-17,CUST-0008,New,North Region,Repeat Client,PS-0203,Plumbing Repair Job,Plumbing,1,50.4,0,50.4,25.45,Bank Transfer,Completed,false,3,JOB-023,Plumbing,2026-06-14,2026-06-20,26.3,16.73,9.73,3.58,23.44,25.45,2,false
CON-0023,2026-06-24,CUST-0007,VIP,East Region,Repeat Client,PS-0204,Plumbing Repair Job,Plumbing,1,53.55,0,53.55,24.47,Mobile Wallet,Completed,false,4,JOB-038,Plumbing,2026-06-20,2026-06-26,13.8,16.87,13.07,3.86,21.53,24.47,0,false
CON-0024,2026-06-25,CUST-0005,VIP,South Region,Referral,PS-0305,Room Renovation Job,Renovation,1,415.38,0,415.38,209.77,Credit/Debit Card,Completed,false,4,JOB-042,Renovation,2026-06-22,2026-07-06,12.3,143.31,72.69,24.09,208.93,209.77,3,false
CON-0025,2026-06-27,CUST-0017,New,Metro Area,Online Inquiry,PS-0306,Room Renovation Job,Renovation,1,416.77,39.18,377.59,205.79,Online Payment,Completed,false,3,JOB-015,Renovation,2026-06-27,2026-06-30,61,86.47,101.57,12.84,177.6,205.79,6,false
CON-0026,2026-07-01,CUST-0002,VIP,East Region,Referral,PS-0207,Plumbing Repair Job,Plumbing,1,55.9,10.96,44.94,21.08,Mobile Wallet,Pending,true,5,JOB-007,Plumbing,2026-06-30,2026-07-07,3,9.57,12.76,2.29,20.89,21.08,2,false
CON-0027,2026-07-05,CUST-0001,VIP,South Region,Referral,PS-0208,Plumbing Repair Job,Plumbing,1,53.95,7.07,46.88,25.5,Online Payment,Completed,false,5,JOB-015,Plumbing,2026-06-30,2026-07-08,60.1,9.66,12.19,2.2,21.98,25.5,3,false
CON-0028,2026-07-10,CUST-0004,VIP,South Region,Referral,PS-0100,Electrical Wiring Job,Electrical,1,88.26,0,88.26,43.6,Mobile Wallet,Completed,false,4,JOB-006,Electrical,2026-07-10,2026-07-16,20.6,18.01,14.39,5.3,37.89,43.6,3,false
CON-0029,2026-07-12,CUST-0015,Returning,Metro Area,Repeat Client,PS-0201,Plumbing Repair Job,Plumbing,1,56.03,0,56.03,30.54,Bank Transfer,Completed,false,5,JOB-048,Plumbing,2026-07-12,2026-07-24,21.2,16.02,13.56,1.29,29.41,30.54,2,true
CON-0030,2026-07-20,CUST-0010,Returning,South Region,Repeat Client,PS-0202,Plumbing Repair Job,Plumbing,1,55.5,0,55.5,32.47,Mobile Wallet,Completed,false,4,JOB-001,Plumbing,2026-07-16,2026-07-22,58.6,15.65,13.32,2.33,30.03,32.47,3,false
CON-0031,2026-07-23,CUST-0004,VIP,South Region,Referral,PS-0203,Plumbing Repair Job,Plumbing,1,58.23,0,58.23,35.87,Online Payment,Completed,false,5,JOB-049,Plumbing,2026-07-22,2026-07-26,41.4,11.76,13.74,3.67,32.28,35.87,2,false
CON-0032,2026-07-26,CUST-0007,VIP,South Region,Referral,PS-0104,Electrical Wiring Job,Electrical,1,80.81,0,80.81,44.28,Mobile Wallet,Completed,false,4,JOB-026,Electrical,2026-07-23,2026-08-05,59.3,19.07,22.3,1.62,38.88,44.28,5,false
CON-0033,2026-07-27,CUST-0002,VIP,South Region,Repeat Client,PS-0205,Plumbing Repair Job,Plumbing,1,51.44,0,51.44,28.81,Credit/Debit Card,Completed,false,5,JOB-029,Plumbing,2026-07-25,2026-07-31,4.2,16.98,11.11,2.21,25.96,28.81,5,false
CON-0034,2026-08-06,CUST-0001,VIP,Metro Area,Referral,PS-0206,Plumbing Repair Job,Plumbing,1,56.74,0,56.74,32.51,Online Payment,Cancelled,false,,JOB-042,Plumbing,2026-08-06,2026-08-12,4.1,17.99,13.39,3.52,28.06,32.51,0,false
CON-0035,2026-08-11,CUST-0009,VIP,East Region,Repeat Client,PS-0107,Electrical Wiring Job,Electrical,1,85.65,0,85.65,41.28,Mobile Wallet,Completed,false,5,JOB-031,Electrical,2026-08-09,2026-08-14,18.2,23.9,17.73,6.42,39.38,41.28,4,false
CON-0036,2026-08-12,CUST-0004,VIP,South Region,Referral,PS-0108,Electrical Wiring Job,Electrical,1,84.93,0,84.93,44.59,Credit/Debit Card,Completed,false,1,JOB-022,Electrical,2026-08-09,2026-08-26,39,21.15,17.16,2.63,39.02,44.59,2,false
CON-0037,2026-08-15,CUST-0006,New,Metro Area,Repeat Client,PS-0300,Room Renovation Job,Renovation,1,489.26,0,489.26,271.05,Mobile Wallet,Completed,false,4,JOB-008,Renovation,2026-08-12,2026-08-25,8.3,114,122.32,33.76,258.31,271.05,0,false
CON-0038,2026-08-16,CUST-0013,New,East Region,Repeat Client,PS-0301,Room Renovation Job,Renovation,1,497.83,0,497.83,239.95,Online Payment,Completed,false,4,JOB-025,Renovation,2026-08-15,2026-08-29,62.3,119.98,144.87,23.9,239.23,239.95,3,false
CON-0039,2026-08-17,CUST-0007,VIP,East Region,Repeat Client,PS-0302,Room Renovation Job,Renovation,1,499.17,0,499.17,285.03,Bank Transfer,Completed,false,4,JOB-006,Renovation,2026-08-14,2026-08-29,5.9,163.73,94.84,29.95,249.97,285.03,4,false
CON-0040,2026-08-23,CUST-0003,VIP,South Region,Online Inquiry,PS-0103,Electrical Wiring Job,Electrical,1,88.93,17.43,71.5,37.18,Online Payment,Completed,true,5,JOB-040,Electrical,2026-08-18,2026-09-03,43.9,19.52,11.73,4.72,33.87,37.18,0,true
CON-0041,2026-08-25,CUST-0004,VIP,North Region,Online Inquiry,PS-0104,Electrical Wiring Job,Electrical,1,82.58,0,82.58,46.58,Online Payment,Refunded,false,,JOB-004,Electrical,2026-08-21,2026-09-02,78.5,21.72,14.62,5.45,41.22,46.58,5,true
CON-0042,2026-09-01,CUST-0010,Returning,South Region,Online Inquiry,PS-0105,Electrical Wiring Job,Electrical,1,90.91,0,90.91,54.46,Online Payment,Completed,false,4,JOB-018,Electrical,2026-08-30,2026-09-04,75.7,23.55,17.91,6.36,48.58,54.46,5,false
CON-0043,2026-09-06,CUST-0005,VIP,Metro Area,Referral,PS-0306,Room Renovation Job,Renovation,1,491.98,67.4,424.58,198.7,Cash,Cancelled,true,,JOB-022,Renovation,2026-09-01,2026-09-12,33.6,112.09,75.15,24.2,182.21,198.7,5,false
CON-0044,2026-09-08,CUST-0016,New,North Region,Repeat Client,PS-0307,Room Renovation Job,Renovation,1,497.29,0,497.29,241.19,Cash,Completed,false,4,JOB-022,Renovation,2026-09-03,2026-09-13,36.5,107.91,96.97,35.8,212.25,241.19,3,false
CON-0045,2026-09-12,CUST-0001,VIP,North Region,Repeat Client,PS-0108,Electrical Wiring Job,Electrical,1,82.75,15.39,67.36,40.75,Mobile Wallet,Completed,false,4,JOB-013,Electrical,2026-09-11,2026-09-19,16.9,17.11,11.59,3.23,37.69,40.75,1,false
CON-0046,2026-09-13,CUST-0004,VIP,East Region,Referral,PS-0100,Electrical Wiring Job,Electrical,1,81.62,8.65,72.97,43.64,Online Payment,Completed,false,4,JOB-017,Electrical,2026-09-13,2026-09-27,11,20.29,19.7,5.33,40.67,43.64,6,false
CON-0047,2026-09-17,CUST-0002,VIP,South Region,Repeat Client,PS-0301,Room Renovation Job,Renovation,1,494.76,49.48,445.28,213.73,Bank Transfer,Completed,true,1,JOB-041,Renovation,2026-09-16,2026-09-21,60.9,137.59,101.08,14.25,199.62,213.73,2,false
CON-0048,2026-09-20,CUST-0003,VIP,North Region,Repeat Client,PS-0102,Electrical Wiring Job,Electrical,1,84.83,0,84.83,47.08,Credit/Debit Card,Completed,false,4,JOB-031,Electrical,2026-09-15,2026-10-02,66.1,22.48,24.77,2.29,41.62,47.08,0,false
CON-0049,2026-09-25,CUST-0018,New,North Region,Repeat Client,PS-0303,Room Renovation Job,Renovation,1,500.41,33.03,467.38,211.26,Mobile Wallet,Completed,false,5,JOB-038,Renovation,2026-09-25,2026-09-28,30.8,117.31,109.83,20.56,184.85,211.26,4,false
CON-0050,2026-09-28,CUST-0003,VIP,North Region,Referral,PS-0304,Room Renovation Job,Renovation,1,494.06,29.15,464.91,284.52,Mobile Wallet,Completed,false,4,JOB-025,Renovation,2026-09-27,2026-10-12,21.8,152.49,72.06,32.54,273.99,284.52,0,false
