record_id,transaction_date,customer_id,customer_segment,region,channel,product_service_id,product_service_name,category,quantity,unit_price,discount_amount,revenue,direct_cost,payment_method,status,promotion_flag,customer_rating,project_id,service_type,project_start_date,delivery_date,creative_hours,revision_count,ad_spend,campaign_impressions,campaign_clicks,campaign_conversions,project_cost,client_acquisition_source
CRE-0001,2026-03-05,CUST-0002,VIP,North Region,Social Media Inquiry,PS-0100,Event Photography Package,Photography,1,71.88,0,71.88,26.67,Cash,Completed,false,5,PRJ-032,Photography,2026-02-25,2026-03-08,5.7,3,6.83,35549,300,28,22.28,Repeat Client
CRE-0002,2026-03-08,CUST-0003,VIP,South Region,Social Media Inquiry,PS-0101,Event Photography Package,Photography,1,71.95,4.82,67.13,20.81,Cash,Completed,false,4,PRJ-013,Photography,2026-03-06,2026-03-08,5.1,3,4.77,21875,1391,21,21.01,Instagram
CRE-0003,2026-03-12,CUST-0002,VIP,East Region,Social Media Inquiry,PS-0102,Event Photography Package,Photography,1,80.63,0,80.63,27.66,Cash,Completed,false,5,PRJ-042,Photography,2026-03-11,2026-03-12,2.3,1,2.58,25990,1783,1,27.17,Website
CRE-0004,2026-03-16,CUST-0002,VIP,Metro Area,Referral,PS-0103,Event Photography Package,Photography,1,82.4,0,82.4,27.85,Bank Transfer,Refunded,false,,PRJ-011,Photography,2026-03-09,2026-03-19,9.6,0,5.03,8864,1903,134,29.99,Instagram
CRE-0005,2026-03-20,CUST-0004,VIP,North Region,Agency Partnership,PS-0204,Brand Design Package,Graphic Design,1,59.99,0,59.99,23.28,Bank Transfer,Completed,false,4,PRJ-040,Graphic Design,2026-03-16,2026-03-23,26.8,4,8.04,28199,2102,124,20.76,Repeat Client
CRE-0006,2026-04-13,CUST-0004,VIP,North Region,Referral,PS-0205,Brand Design Package,Graphic Design,1,60.63,0,60.63,19.1,Credit/Debit Card,Completed,false,4,PRJ-001,Graphic Design,2026-04-05,2026-04-16,19.6,1,5.27,33004,710,26,20.07,Referral
CRE-0007,2026-04-19,CUST-0007,VIP,South Region,Agency Partnership,PS-0206,Brand Design Package,Graphic Design,1,60.56,0,60.56,19.02,Mobile Wallet,Completed,false,5,PRJ-037,Graphic Design,2026-04-15,2026-04-23,5.9,3,8.42,6420,935,118,20.47,Referral
CRE-0008,2026-04-20,CUST-0003,VIP,North Region,Agency Partnership,PS-0107,Event Photography Package,Photography,1,74.95,11.39,63.56,21.17,Online Payment,Completed,true,5,PRJ-001,Photography,2026-04-16,2026-04-22,39.2,2,6.17,42689,421,73,14.24,Repeat Client
CRE-0009,2026-04-27,CUST-0012,Returning,South Region,Agency Partnership,PS-0308,Promo Video Package,Video Production,1,170.54,0,170.54,42.64,Credit/Debit Card,Completed,false,5,PRJ-023,Video Production,2026-04-21,2026-04-28,31.1,1,12.45,24647,1093,137,50.14,Referral
CRE-0010,2026-05-01,CUST-0007,VIP,North Region,Agency Partnership,PS-0100,Event Photography Package,Photography,1,75.65,10.89,64.76,18.59,Online Payment,Completed,true,4,PRJ-016,Photography,2026-04-25,2026-05-06,24.1,1,0.78,30150,1595,93,20.59,Website
CRE-0011,2026-05-02,CUST-0006,VIP,Metro Area,Agency Partnership,PS-0301,Promo Video Package,Video Production,1,153.39,0,153.39,51.69,Mobile Wallet,Completed,false,4,PRJ-009,Video Production,2026-04-26,2026-05-06,31,0,7.82,8206,77,64,41.26,Referral
CRE-0012,2026-05-03,CUST-0011,Returning,East Region,Agency Partnership,PS-0302,Promo Video Package,Video Production,1,151.4,22.86,128.54,46.66,Credit/Debit Card,Cancelled,false,,PRJ-002,Video Production,2026-04-27,2026-05-08,5.1,4,0.51,32569,1936,30,42.93,Referral
CRE-0013,2026-05-17,CUST-0006,VIP,Metro Area,Social Media Inquiry,PS-0103,Event Photography Package,Photography,1,80.23,0,80.23,31.85,Online Payment,Completed,false,5,PRJ-040,Photography,2026-05-14,2026-05-18,39.9,0,11.71,27211,641,99,25.75,Website
CRE-0014,2026-05-19,CUST-0010,Returning,North Region,Agency Partnership,PS-0104,Event Photography Package,Photography,1,79.54,0,79.54,20.6,Credit/Debit Card,Cancelled,false,,PRJ-003,Photography,2026-05-18,2026-05-24,20.6,1,7.64,10227,1929,115,23.46,Repeat Client
CRE-0015,2026-05-23,CUST-0004,VIP,North Region,Social Media Inquiry,PS-0105,Event Photography Package,Photography,1,69.58,6.26,63.32,23.49,Credit/Debit Card,Completed,true,4,PRJ-026,Photography,2026-05-17,2026-05-28,26.6,2,0.63,36845,1737,119,18.81,Instagram
CRE-0016,2026-05-27,CUST-0018,Returning,Metro Area,Social Media Inquiry,PS-0106,Event Photography Package,Photography,1,73.3,0,73.3,24.04,Cash,Completed,false,5,PRJ-005,Photography,2026-05-23,2026-05-28,20.1,2,9.02,34512,1240,119,22.06,Website
CRE-0017,2026-06-05,CUST-0001,VIP,South Region,Social Media Inquiry,PS-0307,Promo Video Package,Video Production,1,160.33,0,160.33,48.9,Cash,Completed,false,4,PRJ-037,Video Production,2026-06-04,2026-06-07,32.6,1,4.01,28381,906,87,54.99,Referral
CRE-0018,2026-06-08,CUST-0008,VIP,East Region,Referral,PS-0108,Event Photography Package,Photography,1,75.55,0,75.55,30.52,Mobile Wallet,Cancelled,true,,PRJ-022,Photography,2026-06-05,2026-06-09,28.3,1,6.42,34472,1871,107,22.97,Instagram
CRE-0019,2026-06-11,CUST-0008,VIP,South Region,Social Media Inquiry,PS-0200,Brand Design Package,Graphic Design,1,60.36,0,60.36,22.27,Mobile Wallet,Completed,false,5,PRJ-029,Graphic Design,2026-06-08,2026-06-11,9.2,1,3.56,39041,660,6,14.18,Repeat Client
CRE-0020,2026-06-16,CUST-0018,Returning,East Region,Agency Partnership,PS-0101,Event Photography Package,Photography,1,78.86,0,78.86,25.63,Credit/Debit Card,Completed,false,3,PRJ-012,Photography,2026-06-10,2026-06-16,6.6,1,3.63,26121,1689,104,20.82,Referral
CRE-0021,2026-06-18,CUST-0009,New,North Region,Social Media Inquiry,PS-0202,Brand Design Package,Graphic Design,1,59.74,0,59.74,17.68,Credit/Debit Card,Completed,false,1,PRJ-018,Graphic Design,2026-06-13,2026-06-21,7.5,1,7.35,37205,872,125,17.38,Website
CRE-0022,2026-06-19,CUST-0006,VIP,Metro Area,Referral,PS-0303,Promo Video Package,Video Production,1,153.75,0,153.75,52.12,Mobile Wallet,Completed,false,4,PRJ-017,Video Production,2026-06-15,2026-06-23,5.5,1,11.22,38375,1252,43,35.36,Referral
CRE-0023,2026-06-23,CUST-0003,VIP,South Region,Referral,PS-0104,Event Photography Package,Photography,1,73.39,0,73.39,23.63,Bank Transfer,Completed,false,5,PRJ-027,Photography,2026-06-21,2026-06-25,37.1,0,0.59,43528,767,105,27.15,Instagram
CRE-0024,2026-06-25,CUST-0016,VIP,North Region,Social Media Inquiry,PS-0205,Brand Design Package,Graphic Design,1,59.67,0,59.67,23.93,Online Payment,Completed,false,3,PRJ-035,Graphic Design,2026-06-17,2026-06-25,19.4,1,8.89,10204,2433,72,19.09,Website
CRE-0025,2026-06-28,CUST-0004,VIP,South Region,Referral,PS-0106,Event Photography Package,Photography,1,79.94,0,79.94,24.54,Bank Transfer,Completed,false,4,PRJ-007,Photography,2026-06-27,2026-06-28,15.3,0,4.48,21607,1160,115,24.62,Repeat Client
CRE-0026,2026-07-02,CUST-0006,VIP,South Region,Agency Partnership,PS-0107,Event Photography Package,Photography,1,79.57,0,79.57,28.49,Online Payment,Completed,false,3,PRJ-026,Photography,2026-07-01,2026-07-02,25.7,2,11.3,49101,1046,146,24.83,Website
CRE-0027,2026-07-03,CUST-0004,VIP,Metro Area,Social Media Inquiry,PS-0108,Event Photography Package,Photography,1,80.43,4.26,76.17,21.02,Bank Transfer,Completed,false,4,PRJ-012,Photography,2026-06-28,2026-07-04,34.2,3,3.05,43125,1558,123,27.8,Instagram
CRE-0028,2026-07-09,CUST-0012,Returning,South Region,Referral,PS-0200,Brand Design Package,Graphic Design,1,71.73,6.03,65.7,19.18,Mobile Wallet,Completed,true,3,PRJ-018,Graphic Design,2026-07-06,2026-07-14,19.5,3,7.49,9421,866,64,19.78,Instagram
CRE-0029,2026-07-13,CUST-0002,VIP,Metro Area,Referral,PS-0201,Brand Design Package,Graphic Design,1,70.84,0,70.84,27.27,Bank Transfer,Completed,false,4,PRJ-010,Graphic Design,2026-07-06,2026-07-16,19.3,2,1.7,36377,1048,81,22.81,Referral
CRE-0030,2026-07-19,CUST-0006,VIP,South Region,Social Media Inquiry,PS-0202,Brand Design Package,Graphic Design,1,70.06,0,70.06,23.82,Credit/Debit Card,Completed,false,4,PRJ-011,Graphic Design,2026-07-12,2026-07-24,19.8,1,1.33,42833,851,41,23.33,Repeat Client
CRE-0031,2026-07-23,CUST-0005,VIP,South Region,Agency Partnership,PS-0103,Event Photography Package,Photography,1,75.37,6.18,69.19,22.69,Bank Transfer,Completed,false,3,PRJ-023,Photography,2026-07-17,2026-07-23,21.6,0,3.94,45974,1004,70,20.48,Instagram
CRE-0032,2026-07-26,CUST-0003,VIP,Metro Area,Agency Partnership,PS-0104,Event Photography Package,Photography,1,73.31,5.35,67.96,18.21,Online Payment,Completed,true,2,PRJ-010,Photography,2026-07-19,2026-07-31,34.9,4,5.3,36745,1425,113,15.29,Repeat Client
CRE-0033,2026-07-27,CUST-0016,VIP,North Region,Referral,PS-0205,Brand Design Package,Graphic Design,1,69.88,3.56,66.32,20.36,Online Payment,Completed,false,5,PRJ-038,Graphic Design,2026-07-19,2026-07-29,5.8,0,9.62,23655,1182,78,15.25,Referral
CRE-0034,2026-08-02,CUST-0016,VIP,East Region,Agency Partnership,PS-0306,Promo Video Package,Video Production,1,151.37,21.8,129.57,36.8,Bank Transfer,Completed,false,4,PRJ-014,Video Production,2026-07-29,2026-08-04,37.8,3,9.59,1681,652,63,34.47,Instagram
CRE-0035,2026-08-07,CUST-0001,VIP,East Region,Referral,PS-0107,Event Photography Package,Photography,1,82.02,0,82.02,20.67,Online Payment,Completed,false,4,PRJ-003,Photography,2026-08-04,2026-08-09,12.8,4,5.33,26767,1230,126,18.86,Referral
CRE-0036,2026-08-16,CUST-0005,VIP,East Region,Referral,PS-0108,Event Photography Package,Photography,1,69.52,0,69.52,26.14,Mobile Wallet,Completed,false,1,PRJ-019,Photography,2026-08-15,2026-08-19,25.6,0,1.11,1409,1950,126,26.28,Repeat Client
CRE-0037,2026-08-17,CUST-0002,VIP,North Region,Social Media Inquiry,PS-0100,Event Photography Package,Photography,1,77.39,4.95,72.44,20.07,Credit/Debit Card,Pending,true,5,PRJ-048,Photography,2026-08-13,2026-08-20,2.3,1,0.87,35661,1868,83,25.79,Website
CRE-0038,2026-08-19,CUST-0010,Returning,South Region,Agency Partnership,PS-0201,Brand Design Package,Graphic Design,1,70.91,0,70.91,24.61,Cash,Completed,false,5,PRJ-028,Graphic Design,2026-08-14,2026-08-19,38.4,4,3.97,34210,1296,117,21.63,Repeat Client
CRE-0039,2026-08-22,CUST-0005,VIP,Metro Area,Referral,PS-0202,Brand Design Package,Graphic Design,1,71.27,0,71.27,18.39,Credit/Debit Card,Completed,false,3,PRJ-038,Graphic Design,2026-08-17,2026-08-23,27.3,2,6.2,16761,915,95,23.02,Website
CRE-0040,2026-08-26,CUST-0017,New,Metro Area,Social Media Inquiry,PS-0103,Event Photography Package,Photography,1,68.5,0,68.5,20.34,Bank Transfer,Completed,false,4,PRJ-014,Photography,2026-08-20,2026-08-30,31.7,0,5.34,8995,1931,114,18.08,Website
CRE-0041,2026-08-27,CUST-0001,VIP,Metro Area,Referral,PS-0104,Event Photography Package,Photography,1,72.77,0,72.77,24.52,Mobile Wallet,Completed,false,5,PRJ-021,Photography,2026-08-26,2026-08-27,26.1,2,7.35,23560,2002,108,22.12,Repeat Client
CRE-0042,2026-09-02,CUST-0008,VIP,East Region,Agency Partnership,PS-0105,Event Photography Package,Photography,1,67.52,0,67.52,26.33,Cash,Completed,false,5,PRJ-016,Photography,2026-08-25,2026-09-04,10.2,2,3.38,31205,118,86,24.78,Instagram
CRE-0043,2026-09-09,CUST-0004,VIP,North Region,Referral,PS-0206,Brand Design Package,Graphic Design,1,71.44,0,71.44,22.86,Bank Transfer,Completed,false,5,PRJ-036,Graphic Design,2026-09-05,2026-09-11,7.2,1,6.79,38093,1265,140,18.29,Repeat Client
CRE-0044,2026-09-10,CUST-0001,VIP,South Region,Referral,PS-0107,Event Photography Package,Photography,1,77.89,13.79,64.1,20.9,Cash,Completed,false,4,PRJ-035,Photography,2026-09-09,2026-09-10,27,4,7.88,24087,2193,67,23.78,Repeat Client
CRE-0045,2026-09-13,CUST-0005,VIP,East Region,Agency Partnership,PS-0108,Event Photography Package,Photography,1,73.03,11.68,61.35,25.46,Cash,Completed,false,5,PRJ-047,Photography,2026-09-06,2026-09-18,11.9,2,4.85,22604,977,75,21.17,Instagram
CRE-0046,2026-09-20,CUST-0006,VIP,Metro Area,Social Media Inquiry,PS-0100,Event Photography Package,Photography,1,71.45,8.22,63.23,23.27,Credit/Debit Card,Completed,true,4,PRJ-012,Photography,2026-09-12,2026-09-23,29.3,4,8.79,21298,1794,148,15.55,Instagram
CRE-0047,2026-09-22,CUST-0005,VIP,North Region,Agency Partnership,PS-0101,Event Photography Package,Photography,1,73.61,11.19,62.42,25.72,Online Payment,Completed,true,2,PRJ-026,Photography,2026-09-19,2026-09-22,20.7,4,8.68,4355,2341,15,18.98,Website
CRE-0048,2026-09-26,CUST-0007,VIP,Metro Area,Referral,PS-0202,Brand Design Package,Graphic Design,1,70.57,0,70.57,23.71,Bank Transfer,Completed,false,3,PRJ-008,Graphic Design,2026-09-20,2026-09-27,23.9,3,8.54,22555,1527,100,15.81,Website
CRE-0049,2026-09-27,CUST-0011,Returning,South Region,Agency Partnership,PS-0103,Event Photography Package,Photography,1,79.09,6.49,72.6,25.99,Online Payment,Cancelled,true,,PRJ-035,Photography,2026-09-21,2026-09-28,15.7,4,3.63,5265,908,56,20.18,Instagram
CRE-0050,2026-09-28,CUST-0008,VIP,South Region,Social Media Inquiry,PS-0104,Event Photography Package,Photography,1,75.88,9.56,66.32,23.54,Online Payment,Completed,true,4,PRJ-026,Photography,2026-09-21,2026-09-30,27.7,2,9.02,21768,2051,8,18.04,Website
