record_id,transaction_date,customer_id,customer_segment,region,channel,product_service_id,product_service_name,category,quantity,unit_price,discount_amount,revenue,direct_cost,payment_method,status,promotion_flag,customer_rating,enrollment_id,course_id,course_name,delivery_mode,enrollment_date,completion_date,sessions_attended,sessions_total,completion_flag,assessment_score,instructor_id,course_cost
EDU-0001,2026-03-08,CUST-0001,VIP,Metro Area,Walk-in Enrollment,PS-0300,Professional Certification Track,Certification,1,111.68,0,111.68,40.32,Mobile Wallet,Completed,false,5,ENR-007,CRS-007,Professional Certification Track,Online,2026-03-08,2026-04-30,12,15,true,70,INS-005,23.45
EDU-0002,2026-03-21,CUST-0008,VIP,East Region,Online Enrollment,PS-0201,Math Tutorial Program,Tutorial Program,1,18.87,0,18.87,5.91,Mobile Wallet,Cancelled,false,,ENR-042,CRS-008,Math Tutorial Program,Online,2026-03-21,2026-04-22,14,20,true,85.3,INS-004,4.66
EDU-0003,2026-03-26,CUST-0005,VIP,South Region,Corporate Partnership,PS-0302,Professional Certification Track,Certification,1,122.44,11.39,111.05,29.98,Online Payment,Completed,false,5,ENR-043,CRS-005,Professional Certification Track,In-person,2026-03-26,2026-04-18,21,22,true,66.8,INS-002,22.65
EDU-0004,2026-04-02,CUST-0003,VIP,Metro Area,Walk-in Enrollment,PS-0103,Digital Marketing Short Course,Short Course,1,44.55,5.75,38.8,11.37,Bank Transfer,Completed,false,5,ENR-028,CRS-002,Digital Marketing Short Course,Online,2026-04-02,2026-05-21,11,16,true,95.5,INS-002,11.68
EDU-0005,2026-04-08,CUST-0009,Returning,North Region,Online Enrollment,PS-0204,Math Tutorial Program,Tutorial Program,1,17.43,3.03,14.4,3.67,Mobile Wallet,Pending,false,4,ENR-037,CRS-009,Math Tutorial Program,In-person,2026-04-08,2026-05-27,18,19,true,89.8,INS-004,3.96
EDU-0006,2026-04-10,CUST-0007,Returning,North Region,Corporate Partnership,PS-0305,Professional Certification Track,Certification,1,125.99,0,125.99,47.25,Mobile Wallet,Completed,true,4,ENR-039,CRS-009,Professional Certification Track,Hybrid,2026-04-10,2026-05-30,16,17,true,66.1,INS-003,29.61
EDU-0007,2026-04-16,CUST-0003,VIP,South Region,Walk-in Enrollment,PS-0106,Digital Marketing Short Course,Short Course,1,45.67,5.12,40.55,13.38,Bank Transfer,Completed,false,3,ENR-010,CRS-001,Digital Marketing Short Course,Hybrid,2026-04-16,2026-05-18,24,24,false,57.2,INS-003,10.1
EDU-0008,2026-04-18,CUST-0001,VIP,South Region,Walk-in Enrollment,PS-0107,Digital Marketing Short Course,Short Course,1,45.34,3.31,42.03,15.51,Cash,Completed,true,4,ENR-008,CRS-003,Digital Marketing Short Course,Hybrid,2026-04-18,2026-06-04,8,10,true,85.3,INS-005,11.14
EDU-0009,2026-04-21,CUST-0005,VIP,North Region,Walk-in Enrollment,PS-0108,Digital Marketing Short Course,Short Course,1,45.4,5.45,39.95,14.3,Bank Transfer,Completed,false,4,ENR-012,CRS-002,Digital Marketing Short Course,Hybrid,2026-04-21,2026-06-02,15,16,false,83,INS-005,8.31
EDU-0010,2026-05-01,CUST-0003,VIP,South Region,Walk-in Enrollment,PS-0200,Math Tutorial Program,Tutorial Program,2,19.18,6.21,32.15,8.2,Credit/Debit Card,Completed,true,4,ENR-013,CRS-004,Math Tutorial Program,Hybrid,2026-05-01,2026-06-18,19,21,true,69.9,INS-005,8.78
EDU-0011,2026-05-03,CUST-0006,VIP,South Region,Online Enrollment,PS-0101,Digital Marketing Short Course,Short Course,1,44.46,2.93,41.53,16.16,Cash,Completed,true,5,ENR-007,CRS-009,Digital Marketing Short Course,Hybrid,2026-05-03,2026-06-01,15,19,false,62.3,INS-004,8.31
EDU-0012,2026-05-17,CUST-0002,VIP,South Region,Online Enrollment,PS-0302,Professional Certification Track,Certification,1,116.73,0,116.73,40.16,Credit/Debit Card,Cancelled,false,,ENR-024,CRS-010,Professional Certification Track,Hybrid,2026-05-17,2026-07-12,15,17,true,93.4,INS-004,39.57
EDU-0013,2026-05-18,CUST-0007,Returning,South Region,Corporate Partnership,PS-0303,Professional Certification Track,Certification,1,111.64,7.81,103.83,31.05,Bank Transfer,Completed,false,4,ENR-044,CRS-008,Professional Certification Track,In-person,2026-05-18,2026-07-03,11,14,true,55.8,INS-004,32.81
EDU-0014,2026-05-24,CUST-0016,VIP,Metro Area,Walk-in Enrollment,PS-0204,Math Tutorial Program,Tutorial Program,2,18.88,0,37.76,14.16,Bank Transfer,Completed,false,4,ENR-038,CRS-010,Math Tutorial Program,Hybrid,2026-05-24,2026-07-07,8,12,true,80.8,INS-002,8.23
EDU-0015,2026-05-25,CUST-0002,VIP,Metro Area,Online Enrollment,PS-0105,Digital Marketing Short Course,Short Course,1,44.78,0,44.78,13.43,Bank Transfer,Pending,false,3,ENR-032,CRS-008,Digital Marketing Short Course,Online,2026-05-25,2026-06-08,16,19,true,76.3,INS-002,13.7
EDU-0016,2026-05-27,CUST-0008,VIP,South Region,Online Enrollment,PS-0106,Digital Marketing Short Course,Short Course,1,44.76,6.31,38.45,13.65,Mobile Wallet,Completed,false,4,ENR-046,CRS-001,Digital Marketing Short Course,In-person,2026-05-27,2026-06-25,17,18,false,66.2,INS-004,13.42
EDU-0017,2026-06-03,CUST-0008,VIP,East Region,Walk-in Enrollment,PS-0207,Math Tutorial Program,Tutorial Program,4,19.21,0,76.84,22.98,Credit/Debit Card,Completed,false,4,ENR-002,CRS-006,Math Tutorial Program,In-person,2026-06-03,2026-07-29,11,11,true,74.8,INS-004,26.59
EDU-0018,2026-06-05,CUST-0012,New,South Region,Walk-in Enrollment,PS-0208,Math Tutorial Program,Tutorial Program,1,18.88,0,18.88,7.31,Online Payment,Cancelled,false,,ENR-002,CRS-008,Math Tutorial Program,Hybrid,2026-06-05,2026-06-25,17,24,true,67.8,INS-006,5.02
EDU-0019,2026-06-06,CUST-0010,Returning,Metro Area,Corporate Partnership,PS-0200,Math Tutorial Program,Tutorial Program,2,19.19,0,38.38,12.59,Mobile Wallet,Completed,false,5,ENR-009,CRS-004,Math Tutorial Program,Hybrid,2026-06-06,2026-07-31,12,16,true,88.2,INS-003,10.82
EDU-0020,2026-06-10,CUST-0002,VIP,South Region,Corporate Partnership,PS-0201,Math Tutorial Program,Tutorial Program,2,19.78,7.67,31.89,10.97,Bank Transfer,Completed,false,4,ENR-046,CRS-005,Math Tutorial Program,In-person,2026-06-10,2026-07-16,16,16,false,86.6,INS-004,9.47
EDU-0021,2026-06-11,CUST-0005,VIP,South Region,Walk-in Enrollment,PS-0102,Digital Marketing Short Course,Short Course,1,44.41,0,44.41,12.61,Bank Transfer,Completed,false,4,ENR-031,CRS-007,Digital Marketing Short Course,Online,2026-06-11,2026-06-26,16,18,true,83.1,INS-005,10.97
EDU-0022,2026-06-20,CUST-0004,VIP,Metro Area,Walk-in Enrollment,PS-0103,Digital Marketing Short Course,Short Course,1,44.33,0,44.33,12.55,Mobile Wallet,Completed,false,2,ENR-004,CRS-010,Digital Marketing Short Course,Online,2026-06-20,2026-08-13,21,23,false,76.7,INS-005,11.04
EDU-0023,2026-06-26,CUST-0001,VIP,Metro Area,Corporate Partnership,PS-0104,Digital Marketing Short Course,Short Course,1,44.44,4.09,40.35,15.58,Mobile Wallet,Pending,false,3,ENR-034,CRS-007,Digital Marketing Short Course,Hybrid,2026-06-26,2026-08-01,5,7,true,70.2,INS-001,10.98
EDU-0024,2026-07-03,CUST-0002,VIP,Metro Area,Corporate Partnership,PS-0305,Professional Certification Track,Certification,1,117.2,16.88,100.32,27.29,Online Payment,Completed,true,5,ENR-041,CRS-006,Professional Certification Track,Hybrid,2026-07-03,2026-08-16,16,17,true,77.5,INS-003,35.01
EDU-0025,2026-07-07,CUST-0002,VIP,South Region,Walk-in Enrollment,PS-0106,Digital Marketing Short Course,Short Course,1,45.03,3.33,41.7,10.55,Bank Transfer,Completed,true,4,ENR-047,CRS-007,Digital Marketing Short Course,In-person,2026-07-07,2026-08-07,16,20,true,56,INS-003,13.01
EDU-0026,2026-07-12,CUST-0001,VIP,South Region,Corporate Partnership,PS-0107,Digital Marketing Short Course,Short Course,1,53.71,6.71,47,12.31,Bank Transfer,Completed,true,5,ENR-023,CRS-003,Digital Marketing Short Course,In-person,2026-07-12,2026-08-22,14,16,true,57.4,INS-003,10.95
EDU-0027,2026-07-15,CUST-0014,New,Metro Area,Walk-in Enrollment,PS-0108,Digital Marketing Short Course,Short Course,1,53.86,5.22,48.64,19.21,Credit/Debit Card,Completed,true,5,ENR-034,CRS-001,Digital Marketing Short Course,In-person,2026-07-15,2026-09-02,8,12,true,56.5,INS-003,11.77
EDU-0028,2026-07-16,CUST-0006,VIP,South Region,Walk-in Enrollment,PS-0100,Digital Marketing Short Course,Short Course,1,52.86,0,52.86,14.22,Mobile Wallet,Completed,false,3,ENR-020,CRS-001,Digital Marketing Short Course,Hybrid,2026-07-16,2026-08-02,18,21,true,90.6,INS-003,13.96
EDU-0029,2026-07-17,CUST-0005,VIP,East Region,Walk-in Enrollment,PS-0201,Math Tutorial Program,Tutorial Program,2,18.43,4.42,32.44,10.28,Bank Transfer,Completed,false,2,ENR-045,CRS-008,Math Tutorial Program,In-person,2026-07-17,2026-09-13,14,20,true,74.8,INS-006,11.32
EDU-0030,2026-07-23,CUST-0003,VIP,East Region,Walk-in Enrollment,PS-0202,Math Tutorial Program,Tutorial Program,3,17.7,0,53.1,18.27,Bank Transfer,Completed,false,5,ENR-005,CRS-009,Math Tutorial Program,Online,2026-07-23,2026-08-25,13,14,false,70.9,INS-006,13.75
EDU-0031,2026-07-24,CUST-0006,VIP,South Region,Corporate Partnership,PS-0103,Digital Marketing Short Course,Short Course,1,53.86,0,53.86,19.93,Credit/Debit Card,Completed,false,5,ENR-018,CRS-006,Digital Marketing Short Course,Hybrid,2026-07-24,2026-08-16,21,23,false,84.5,INS-002,15.78
EDU-0032,2026-07-26,CUST-0016,VIP,Metro Area,Walk-in Enrollment,PS-0104,Digital Marketing Short Course,Short Course,1,53.08,7.01,46.07,12.81,Online Payment,Completed,true,2,ENR-040,CRS-004,Digital Marketing Short Course,Online,2026-07-26,2026-09-01,19,20,true,89.2,INS-004,10.96
EDU-0033,2026-07-27,CUST-0001,VIP,Metro Area,Corporate Partnership,PS-0305,Professional Certification Track,Certification,1,115.57,0,115.57,31.55,Mobile Wallet,Completed,false,5,ENR-009,CRS-007,Professional Certification Track,Online,2026-07-27,2026-08-20,15,15,true,84.7,INS-001,31.67
EDU-0034,2026-08-03,CUST-0002,VIP,North Region,Online Enrollment,PS-0106,Digital Marketing Short Course,Short Course,1,52.68,9.64,43.04,13.56,Bank Transfer,Completed,false,5,ENR-023,CRS-004,Digital Marketing Short Course,Hybrid,2026-08-03,2026-09-04,4,6,false,95,INS-002,10.33
EDU-0035,2026-08-04,CUST-0003,VIP,East Region,Corporate Partnership,PS-0107,Digital Marketing Short Course,Short Course,1,52.33,0,52.33,16.95,Cash,Completed,false,5,ENR-015,CRS-006,Digital Marketing Short Course,Online,2026-08-04,2026-09-11,14,18,true,84.1,INS-005,12.72
EDU-0036,2026-08-06,CUST-0016,VIP,East Region,Online Enrollment,PS-0108,Digital Marketing Short Course,Short Course,1,53.24,8.47,44.77,13.57,Cash,Completed,true,2,ENR-047,CRS-007,Digital Marketing Short Course,Online,2026-08-06,2026-08-31,9,13,false,75.9,INS-001,15.31
EDU-0037,2026-08-09,CUST-0010,Returning,South Region,Walk-in Enrollment,PS-0100,Digital Marketing Short Course,Short Course,1,53.18,0,53.18,21.17,Mobile Wallet,Cancelled,false,,ENR-010,CRS-002,Digital Marketing Short Course,In-person,2026-08-09,2026-09-06,11,14,true,90.1,INS-002,11.97
EDU-0038,2026-08-11,CUST-0018,Returning,South Region,Online Enrollment,PS-0301,Professional Certification Track,Certification,1,114.74,7,107.74,36.09,Mobile Wallet,Pending,false,4,ENR-007,CRS-001,Professional Certification Track,Hybrid,2026-08-11,2026-09-20,11,11,true,91.8,INS-004,28.87
EDU-0039,2026-08-14,CUST-0003,VIP,South Region,Walk-in Enrollment,PS-0102,Digital Marketing Short Course,Short Course,1,52.47,0,52.47,14.43,Bank Transfer,Completed,false,4,ENR-044,CRS-002,Digital Marketing Short Course,Online,2026-08-14,2026-10-05,19,24,true,98.3,INS-005,10.91
EDU-0040,2026-08-25,CUST-0001,VIP,Metro Area,Corporate Partnership,PS-0203,Math Tutorial Program,Tutorial Program,4,18.73,11.54,63.38,25.16,Cash,Completed,false,5,ENR-025,CRS-002,Math Tutorial Program,Hybrid,2026-08-25,2026-09-27,11,13,true,98.2,INS-005,18.19
EDU-0041,2026-08-26,CUST-0009,Returning,South Region,Walk-in Enrollment,PS-0104,Digital Marketing Short Course,Short Course,1,53.53,4.28,49.25,13.94,Cash,Completed,true,4,ENR-046,CRS-001,Digital Marketing Short Course,In-person,2026-08-26,2026-09-27,8,9,false,69.5,INS-006,12.56
EDU-0042,2026-09-03,CUST-0001,VIP,Metro Area,Online Enrollment,PS-0305,Professional Certification Track,Certification,1,112.07,0,112.07,43.93,Mobile Wallet,Completed,false,1,ENR-038,CRS-008,Professional Certification Track,Hybrid,2026-09-03,2026-10-14,24,24,true,89,INS-005,36.76
EDU-0043,2026-09-05,CUST-0017,New,North Region,Online Enrollment,PS-0106,Digital Marketing Short Course,Short Course,1,52.94,0,52.94,21.12,Mobile Wallet,Pending,false,3,ENR-042,CRS-007,Digital Marketing Short Course,In-person,2026-09-05,2026-09-27,19,22,false,68.9,INS-002,17.1
EDU-0044,2026-09-08,CUST-0004,VIP,Metro Area,Corporate Partnership,PS-0207,Math Tutorial Program,Tutorial Program,3,17.82,0,53.46,18.34,Online Payment,Completed,false,1,ENR-034,CRS-004,Math Tutorial Program,Hybrid,2026-09-08,2026-10-15,15,19,true,86.3,INS-001,11.92
EDU-0045,2026-09-09,CUST-0001,VIP,South Region,Corporate Partnership,PS-0208,Math Tutorial Program,Tutorial Program,2,18.57,0,37.14,12.78,Online Payment,Completed,false,4,ENR-020,CRS-005,Math Tutorial Program,In-person,2026-09-09,2026-10-05,14,15,true,74.4,INS-006,12.78
EDU-0046,2026-09-11,CUST-0003,VIP,Metro Area,Walk-in Enrollment,PS-0200,Math Tutorial Program,Tutorial Program,3,17.33,4.21,47.78,18.25,Bank Transfer,Completed,false,4,ENR-043,CRS-006,Math Tutorial Program,Hybrid,2026-09-11,2026-10-30,20,22,true,98.8,INS-003,14.48
EDU-0047,2026-09-13,CUST-0001,VIP,North Region,Walk-in Enrollment,PS-0201,Math Tutorial Program,Tutorial Program,3,18.85,10.46,46.09,13.92,Mobile Wallet,Cancelled,true,,ENR-030,CRS-001,Math Tutorial Program,Online,2026-09-13,2026-10-28,20,23,false,86.2,INS-004,12.67
EDU-0048,2026-09-24,CUST-0004,VIP,East Region,Walk-in Enrollment,PS-0202,Math Tutorial Program,Tutorial Program,4,16.61,0,66.44,25.38,Cash,Completed,false,5,ENR-049,CRS-001,Math Tutorial Program,Hybrid,2026-09-24,2026-11-05,14,19,true,58.7,INS-002,21.13
EDU-0049,2026-09-25,CUST-0018,Returning,South Region,Corporate Partnership,PS-0103,Digital Marketing Short Course,Short Course,1,53.51,9.79,43.72,11.94,Mobile Wallet,Pending,true,4,ENR-048,CRS-009,Digital Marketing Short Course,Hybrid,2026-09-25,2026-10-10,12,15,true,86.9,INS-002,9.18
EDU-0050,2026-09-28,CUST-0005,VIP,Metro Area,Online Enrollment,PS-0104,Digital Marketing Short Course,Short Course,1,52.4,0,52.4,14.04,Credit/Debit Card,Completed,false,4,ENR-047,CRS-003,Digital Marketing Short Course,Hybrid,2026-09-28,2026-10-18,16,23,false,75.4,INS-004,13
