record_id,transaction_date,customer_id,customer_segment,region,channel,product_service_id,product_service_name,category,quantity,unit_price,discount_amount,revenue,direct_cost,payment_method,status,promotion_flag,customer_rating,engagement_id,service_type,account_manager_id,service_hours,assets_or_value_managed,transaction_count,processing_cost,late_payment_flag,days_to_payment,renewal_flag,risk_category
FIN-0001,2026-03-07,CUST-0004,VIP,North Region,Referral,PS-0300,Financial Advisory Session,Financial Consulting,2,65.95,15.56,116.34,26.53,Bank Transfer,Completed,true,5,ENG-003,Financial Consulting,AM-003,15.6,12542.09,285,14.54,false,12,true,Medium
FIN-0002,2026-03-11,CUST-0014,VIP,East Region,Referral,PS-0101,Monthly Bookkeeping Retainer,Bookkeeping,1,48.22,0,48.22,10.17,Bank Transfer,Completed,true,5,ENG-049,Bookkeeping,AM-005,6.8,57582.32,33,6.8,true,45,true,High
FIN-0003,2026-03-14,CUST-0009,VIP,South Region,Direct Inquiry,PS-0102,Monthly Bookkeeping Retainer,Bookkeeping,1,47.43,0,47.43,13.19,Online Payment,Completed,false,4,ENG-014,Bookkeeping,AM-002,18.7,83465.89,24,8.4,false,45,true,High
FIN-0004,2026-03-25,CUST-0015,VIP,South Region,Direct Inquiry,PS-0303,Financial Advisory Session,Financial Consulting,1,72.81,0,72.81,17.98,Cash,Completed,false,5,ENG-045,Financial Consulting,AM-004,15.3,46161.56,213,12.45,false,40,true,Medium
FIN-0005,2026-03-26,CUST-0003,VIP,East Region,Referral,PS-0104,Monthly Bookkeeping Retainer,Bookkeeping,1,47.74,0,47.74,15.18,Online Payment,Completed,false,4,ENG-049,Bookkeeping,AM-001,19.7,3361.59,98,8.74,false,28,true,High
FIN-0006,2026-04-02,CUST-0014,VIP,South Region,Online Lead,PS-0105,Monthly Bookkeeping Retainer,Bookkeeping,1,48.02,0,48.02,13.25,Online Payment,Completed,false,4,ENG-006,Bookkeeping,AM-002,7.8,62155.18,383,8.98,false,35,true,Medium
FIN-0007,2026-04-10,CUST-0002,VIP,South Region,Direct Inquiry,PS-0306,Financial Advisory Session,Financial Consulting,2,71.89,0,143.78,29.91,Cash,Cancelled,false,,ENG-036,Financial Consulting,AM-003,2.8,6254.45,152,19.41,true,38,true,Medium
FIN-0008,2026-04-11,CUST-0014,VIP,South Region,Direct Inquiry,PS-0207,Payment Processing Service,Payment Processing,3,15.73,0,47.19,16.52,Cash,Cancelled,false,,ENG-005,Payment Processing,AM-004,6.7,30755.69,368,9.06,false,24,true,High
FIN-0009,2026-04-14,CUST-0001,VIP,North Region,Direct Inquiry,PS-0108,Monthly Bookkeeping Retainer,Bookkeeping,1,47.78,2.82,44.96,11.37,Online Payment,Completed,true,4,ENG-008,Bookkeeping,AM-002,19.7,20719.18,314,7.33,false,13,true,Medium
FIN-0010,2026-05-05,CUST-0005,New,Metro Area,Direct Inquiry,PS-0300,Financial Advisory Session,Financial Consulting,1,75.22,0,75.22,20.38,Cash,Completed,false,4,ENG-027,Financial Consulting,AM-001,18.2,16286.52,332,13.54,false,5,false,Low
FIN-0011,2026-05-07,CUST-0010,VIP,Metro Area,Direct Inquiry,PS-0101,Monthly Bookkeeping Retainer,Bookkeeping,1,47.88,5.55,42.33,12.02,Mobile Wallet,Completed,false,4,ENG-031,Bookkeeping,AM-004,9.3,63368.99,322,6.82,false,18,true,Medium
FIN-0012,2026-05-13,CUST-0018,VIP,East Region,Online Lead,PS-0102,Monthly Bookkeeping Retainer,Bookkeeping,1,47.46,0,47.46,14.81,Bank Transfer,Completed,false,4,ENG-032,Bookkeeping,AM-001,1.2,79126.88,399,4.79,false,25,true,High
FIN-0013,2026-05-17,CUST-0008,VIP,South Region,Referral,PS-0103,Monthly Bookkeeping Retainer,Bookkeeping,1,47.78,5.21,42.57,11.92,Bank Transfer,Completed,false,5,ENG-004,Bookkeeping,AM-001,1,34933.87,378,8.81,false,39,true,Low
FIN-0014,2026-05-18,CUST-0007,Returning,South Region,Referral,PS-0104,Monthly Bookkeeping Retainer,Bookkeeping,1,48.6,0,48.6,16.77,Bank Transfer,Completed,false,5,ENG-029,Bookkeeping,AM-003,18,55883.94,316,6.61,false,8,true,Low
FIN-0015,2026-05-25,CUST-0001,VIP,East Region,Referral,PS-0105,Monthly Bookkeeping Retainer,Bookkeeping,1,48.06,0,48.06,12.35,Cash,Pending,false,3,ENG-043,Bookkeeping,AM-004,1.8,71290.22,213,6.34,false,31,true,Medium
FIN-0016,2026-05-26,CUST-0004,VIP,East Region,Referral,PS-0106,Monthly Bookkeeping Retainer,Bookkeeping,1,48.45,0,48.45,12.89,Online Payment,Completed,false,4,ENG-050,Bookkeeping,AM-005,6.1,27403.5,226,9.16,false,11,true,High
FIN-0017,2026-06-02,CUST-0010,VIP,Metro Area,Referral,PS-0307,Financial Advisory Session,Financial Consulting,2,67.08,19.59,114.57,28.76,Cash,Completed,false,5,ENG-026,Financial Consulting,AM-004,14.7,4292.74,197,24.86,false,32,true,Low
FIN-0018,2026-06-10,CUST-0006,New,East Region,Direct Inquiry,PS-0108,Monthly Bookkeeping Retainer,Bookkeeping,1,48.36,0,48.36,10.3,Mobile Wallet,Completed,false,2,ENG-007,Bookkeeping,AM-001,18.4,24108.64,199,10.35,false,0,false,Low
FIN-0019,2026-06-11,CUST-0001,VIP,Metro Area,Online Lead,PS-0300,Financial Advisory Session,Financial Consulting,3,65.54,0,196.62,43.45,Mobile Wallet,Completed,false,4,ENG-014,Financial Consulting,AM-002,4.8,41124.9,289,24.38,false,33,true,Medium
FIN-0020,2026-06-12,CUST-0002,VIP,Metro Area,Referral,PS-0101,Monthly Bookkeeping Retainer,Bookkeeping,1,48.25,0,48.25,13.37,Mobile Wallet,Completed,false,4,ENG-033,Bookkeeping,AM-004,5,70804.56,32,9.26,true,19,true,Low
FIN-0021,2026-06-17,CUST-0009,VIP,East Region,Direct Inquiry,PS-0302,Financial Advisory Session,Financial Consulting,2,68.28,8.06,128.5,30.33,Credit/Debit Card,Completed,false,5,ENG-020,Financial Consulting,AM-005,12.3,51261.24,250,16.71,false,30,true,Low
FIN-0022,2026-06-22,CUST-0008,VIP,South Region,Direct Inquiry,PS-0103,Monthly Bookkeeping Retainer,Bookkeeping,1,48.53,5.19,43.34,12.57,Bank Transfer,Completed,false,5,ENG-025,Bookkeeping,AM-002,18.6,77858.25,153,4.59,false,19,true,High
FIN-0023,2026-06-25,CUST-0003,VIP,South Region,Referral,PS-0304,Financial Advisory Session,Financial Consulting,3,74.34,22.3,200.72,61.22,Cash,Pending,false,3,ENG-039,Financial Consulting,AM-001,3.1,6047.71,32,43.15,true,30,true,Low
FIN-0024,2026-07-04,CUST-0010,VIP,North Region,Direct Inquiry,PS-0205,Payment Processing Service,Payment Processing,3,15.3,0,45.9,9.64,Credit/Debit Card,Pending,false,5,ENG-021,Payment Processing,AM-003,6.4,39886.88,150,8.03,false,17,true,Medium
FIN-0025,2026-07-08,CUST-0009,VIP,Metro Area,Direct Inquiry,PS-0306,Financial Advisory Session,Financial Consulting,1,73.22,0,73.22,22.99,Mobile Wallet,Completed,false,3,ENG-018,Financial Consulting,AM-004,13.1,20120.49,361,7.76,false,37,true,Medium
FIN-0026,2026-07-09,CUST-0002,VIP,North Region,Online Lead,PS-0107,Monthly Bookkeeping Retainer,Bookkeeping,1,56.39,6.77,49.62,14.24,Cash,Completed,true,4,ENG-014,Bookkeeping,AM-001,19,54610.44,396,5.26,false,18,true,Low
FIN-0027,2026-07-10,CUST-0015,VIP,Metro Area,Online Lead,PS-0208,Payment Processing Service,Payment Processing,3,14.7,0,44.1,11.55,Online Payment,Completed,false,2,ENG-016,Payment Processing,AM-001,1.6,15954.75,33,8.11,false,33,true,Medium
FIN-0028,2026-07-14,CUST-0003,VIP,North Region,Referral,PS-0100,Monthly Bookkeeping Retainer,Bookkeeping,1,56.19,0,56.19,14.55,Credit/Debit Card,Cancelled,false,,ENG-006,Bookkeeping,AM-002,7.5,40661.31,252,11.86,false,18,true,High
FIN-0029,2026-07-17,CUST-0018,VIP,South Region,Online Lead,PS-0101,Monthly Bookkeeping Retainer,Bookkeeping,1,56.89,3.53,53.36,10.83,Mobile Wallet,Completed,false,5,ENG-037,Bookkeeping,AM-003,2.9,46811.42,104,8.48,false,17,true,Low
FIN-0030,2026-07-18,CUST-0001,VIP,North Region,Online Lead,PS-0102,Monthly Bookkeeping Retainer,Bookkeeping,1,56.84,0,56.84,11.99,Cash,Completed,false,4,ENG-036,Bookkeeping,AM-005,9.2,20754.71,158,8.64,true,14,true,High
FIN-0031,2026-07-20,CUST-0003,VIP,North Region,Referral,PS-0203,Payment Processing Service,Payment Processing,5,15.03,6.39,68.76,23.24,Credit/Debit Card,Completed,false,4,ENG-030,Payment Processing,AM-003,9.3,65765.63,393,11.35,true,28,true,Low
FIN-0032,2026-07-21,CUST-0002,VIP,Metro Area,Direct Inquiry,PS-0304,Financial Advisory Session,Financial Consulting,1,70.78,0,70.78,23.07,Credit/Debit Card,Completed,false,5,ENG-028,Financial Consulting,AM-005,3.8,24040.14,358,11.75,false,4,true,Medium
FIN-0033,2026-07-27,CUST-0010,VIP,East Region,Direct Inquiry,PS-0105,Monthly Bookkeeping Retainer,Bookkeeping,1,56.7,0,56.7,15.2,Bank Transfer,Completed,false,4,ENG-002,Bookkeeping,AM-003,9,80495.97,118,9.24,false,31,true,Medium
FIN-0034,2026-08-01,CUST-0009,VIP,Metro Area,Direct Inquiry,PS-0106,Monthly Bookkeeping Retainer,Bookkeeping,1,56.03,4.54,51.49,13.34,Credit/Debit Card,Completed,true,3,ENG-019,Bookkeeping,AM-001,16.5,24550.44,389,11.17,false,13,true,High
FIN-0035,2026-08-11,CUST-0017,New,East Region,Online Lead,PS-0107,Monthly Bookkeeping Retainer,Bookkeeping,1,57.22,5.66,51.56,11.96,Cash,Completed,false,5,ENG-044,Bookkeeping,AM-001,2.7,5568.99,395,10.47,false,36,false,Low
FIN-0036,2026-08-12,CUST-0009,VIP,South Region,Online Lead,PS-0108,Monthly Bookkeeping Retainer,Bookkeeping,1,56.45,9.71,46.74,13.65,Mobile Wallet,Completed,true,4,ENG-047,Bookkeeping,AM-001,15.9,47577.77,168,6.12,false,7,true,High
FIN-0037,2026-08-13,CUST-0009,VIP,South Region,Direct Inquiry,PS-0100,Monthly Bookkeeping Retainer,Bookkeeping,1,55.82,0,55.82,16.8,Mobile Wallet,Completed,false,5,ENG-049,Bookkeeping,AM-003,14.4,24055.88,163,10.38,false,19,true,Low
FIN-0038,2026-08-15,CUST-0007,Returning,North Region,Referral,PS-0101,Monthly Bookkeeping Retainer,Bookkeeping,1,57.27,0,57.27,19.53,Mobile Wallet,Completed,false,4,ENG-009,Bookkeeping,AM-002,11.4,30655.08,80,6.82,false,31,true,Low
FIN-0039,2026-08-16,CUST-0012,New,South Region,Referral,PS-0302,Financial Advisory Session,Financial Consulting,1,67.66,0,67.66,18.47,Credit/Debit Card,Completed,false,5,ENG-004,Financial Consulting,AM-004,1,13424.74,301,6.83,false,7,false,High
FIN-0040,2026-08-19,CUST-0015,VIP,North Region,Referral,PS-0103,Monthly Bookkeeping Retainer,Bookkeeping,1,57.4,0,57.4,17.51,Online Payment,Completed,false,3,ENG-050,Bookkeeping,AM-003,7.2,71659.63,182,6.49,false,21,true,High
FIN-0041,2026-08-24,CUST-0002,VIP,Metro Area,Direct Inquiry,PS-0104,Monthly Bookkeeping Retainer,Bookkeeping,1,56.01,4.98,51.03,12.15,Credit/Debit Card,Completed,false,2,ENG-014,Bookkeeping,AM-001,3.9,57186.75,226,9.85,true,21,true,Medium
FIN-0042,2026-09-01,CUST-0003,VIP,South Region,Online Lead,PS-0105,Monthly Bookkeeping Retainer,Bookkeeping,1,55.98,7.5,48.48,16.68,Online Payment,Completed,true,5,ENG-015,Bookkeeping,AM-001,19.4,76604.39,17,10.57,false,13,true,Medium
FIN-0043,2026-09-07,CUST-0010,VIP,Metro Area,Direct Inquiry,PS-0306,Financial Advisory Session,Financial Consulting,1,70.81,0,70.81,18.2,Mobile Wallet,Completed,true,5,ENG-050,Financial Consulting,AM-001,5.2,83491.1,214,8.57,true,35,true,High
FIN-0044,2026-09-10,CUST-0002,VIP,Metro Area,Direct Inquiry,PS-0107,Monthly Bookkeeping Retainer,Bookkeeping,1,55.99,4.31,51.68,17.36,Bank Transfer,Completed,false,3,ENG-042,Bookkeeping,AM-002,15.2,57188.47,133,7.75,false,36,true,High
FIN-0045,2026-09-14,CUST-0004,VIP,North Region,Online Lead,PS-0308,Financial Advisory Session,Financial Consulting,3,71.4,0,214.2,74.54,Bank Transfer,Completed,false,4,ENG-001,Financial Consulting,AM-005,14.1,31256.31,46,32.99,false,8,true,High
FIN-0046,2026-09-16,CUST-0018,VIP,North Region,Online Lead,PS-0100,Monthly Bookkeeping Retainer,Bookkeeping,1,56.92,0,56.92,16.56,Cash,Completed,true,5,ENG-036,Bookkeeping,AM-005,3.7,80736.11,219,6.77,false,45,true,Low
FIN-0047,2026-09-17,CUST-0001,VIP,South Region,Online Lead,PS-0101,Monthly Bookkeeping Retainer,Bookkeeping,1,57.05,0,57.05,19.85,Credit/Debit Card,Completed,false,4,ENG-047,Bookkeeping,AM-005,16,80819.81,245,11.7,true,32,true,Medium
FIN-0048,2026-09-18,CUST-0002,VIP,North Region,Direct Inquiry,PS-0302,Financial Advisory Session,Financial Consulting,1,73.81,14.17,59.64,20.75,Mobile Wallet,Completed,true,1,ENG-039,Financial Consulting,AM-003,10.9,12846.7,121,12.94,false,44,true,Low
FIN-0049,2026-09-22,CUST-0004,VIP,North Region,Referral,PS-0103,Monthly Bookkeeping Retainer,Bookkeeping,1,57.23,0,57.23,14.54,Online Payment,Completed,false,5,ENG-015,Bookkeeping,AM-001,13,26851.58,281,8.3,true,17,true,Low
FIN-0050,2026-09-24,CUST-0008,VIP,East Region,Direct Inquiry,PS-0104,Monthly Bookkeeping Retainer,Bookkeeping,1,56.55,0,56.55,11.54,Mobile Wallet,Completed,false,5,ENG-049,Bookkeeping,AM-002,16.4,13111.27,155,10.46,false,25,true,High
