record_id,transaction_date,customer_id,customer_segment,region,channel,product_service_id,product_service_name,category,quantity,unit_price,discount_amount,revenue,direct_cost,payment_method,status,promotion_flag,customer_rating,order_id,menu_item,meal_period,table_or_delivery,ingredient_cost,prep_time_minutes,delivery_time_minutes,waste_cost,order_source,repeat_customer_flag
FOO-0001,2026-03-01,CUST-0009,VIP,East Region,Delivery App,PS-0100,Beef Stir Fry,Main Course,2,9.56,2.79,16.33,6.52,Online Payment,Completed,false,4,ORD-046,Beef Stir Fry,Lunch,Takeout Counter,3.77,19,29,3.24,Walk-in,true
FOO-0002,2026-03-04,CUST-0006,VIP,East Region,Takeout,PS-0101,Beef Stir Fry,Main Course,3,9.62,2.22,26.64,10.15,Online Payment,Completed,true,4,ORD-049,Beef Stir Fry,Breakfast,Delivery,6.13,25,,2.03,Walk-in,true
FOO-0003,2026-03-11,CUST-0004,VIP,North Region,Dine-in,PS-0202,Fresh Juice,Beverage,2,3.09,0.83,5.35,2.03,Cash,Cancelled,false,,ORD-022,Fresh Juice,Lunch,Takeout Counter,1.42,9,,2.67,Third-party Platform,true
FOO-0004,2026-03-12,CUST-0015,Returning,Metro Area,Takeout,PS-0303,Brownie,Dessert,1,4.57,0.27,4.3,1.41,Credit/Debit Card,Completed,true,5,ORD-044,Brownie,Late Night,Table 7,1.1,17,,3.37,Phone,true
FOO-0005,2026-03-19,CUST-0008,VIP,North Region,Dine-in,PS-0104,Veggie Bowl,Main Course,3,9.41,5.39,22.84,7.35,Credit/Debit Card,Refunded,true,,ORD-045,Veggie Bowl,Late Night,Delivery,4.8,5,,1.92,App,true
FOO-0006,2026-04-05,CUST-0011,New,North Region,Delivery App,PS-0305,Ice Cream Cup,Dessert,1,4.44,0,4.44,1.65,Cash,Completed,false,4,ORD-010,Ice Cream Cup,Late Night,Table 3,1.15,12,39,0.43,App,false
FOO-0007,2026-04-06,CUST-0004,VIP,North Region,Delivery App,PS-0106,Beef Stir Fry,Main Course,3,9.51,4.45,24.08,11.51,Bank Transfer,Completed,false,5,ORD-042,Beef Stir Fry,Late Night,Delivery,6.41,19,52,0.65,App,true
FOO-0008,2026-04-23,CUST-0017,VIP,East Region,Dine-in,PS-0107,Veggie Bowl,Main Course,3,9.52,0,28.56,11.6,Bank Transfer,Completed,false,5,ORD-006,Veggie Bowl,Breakfast,Takeout Counter,5.54,4,,2.88,App,true
FOO-0009,2026-04-26,CUST-0016,Returning,North Region,Delivery App,PS-0208,Iced Coffee,Beverage,3,3.19,0.86,8.71,3.46,Bank Transfer,Completed,true,4,ORD-005,Iced Coffee,Lunch,Takeout Counter,2.6,15,27,3.23,Phone,true
FOO-0010,2026-05-02,CUST-0006,VIP,South Region,Dine-in,PS-0100,Beef Stir Fry,Main Course,3,9.58,0,28.74,13.68,Credit/Debit Card,Pending,false,5,ORD-004,Beef Stir Fry,Breakfast,Table 1,7.56,6,,3.36,Phone,true
FOO-0011,2026-05-05,CUST-0007,VIP,East Region,Dine-in,PS-0201,Fresh Juice,Beverage,3,3.34,0.83,9.19,4.33,Bank Transfer,Completed,false,4,ORD-012,Fresh Juice,Late Night,Delivery,2.2,7,,0.18,Third-party Platform,true
FOO-0012,2026-05-07,CUST-0009,VIP,North Region,Dine-in,PS-0102,Grilled Chicken Plate,Main Course,3,9.62,0,28.86,13.54,Cash,Completed,false,3,ORD-032,Grilled Chicken Plate,Breakfast,Table 3,6.58,5,,2.37,Phone,true
FOO-0013,2026-05-12,CUST-0002,VIP,East Region,Dine-in,PS-0103,Grilled Chicken Plate,Main Course,2,9.37,0,18.74,7.12,Bank Transfer,Completed,false,4,ORD-044,Grilled Chicken Plate,Lunch,Delivery,3.47,10,,0.03,Third-party Platform,true
FOO-0014,2026-05-18,CUST-0005,VIP,East Region,Takeout,PS-0304,Ice Cream Cup,Dessert,3,4.3,1.11,11.79,5.64,Credit/Debit Card,Completed,false,3,ORD-004,Ice Cream Cup,Breakfast,Table 3,3.03,16,,3.31,Phone,true
FOO-0015,2026-05-19,CUST-0017,VIP,Metro Area,Dine-in,PS-0105,Grilled Chicken Plate,Main Course,2,9.36,1.37,17.35,6.28,Online Payment,Completed,false,5,ORD-040,Grilled Chicken Plate,Lunch,Table 1,3.9,5,,1.52,Third-party Platform,true
FOO-0016,2026-05-28,CUST-0004,VIP,South Region,Dine-in,PS-0106,Beef Stir Fry,Main Course,2,9.52,2.02,17.02,6.23,Cash,Completed,true,5,ORD-019,Beef Stir Fry,Breakfast,Table 7,3.56,5,,0.21,App,true
FOO-0017,2026-06-06,CUST-0015,Returning,Metro Area,Dine-in,PS-0307,Cheesecake Slice,Dessert,3,4.26,0,12.78,5.79,Mobile Wallet,Completed,false,1,ORD-044,Cheesecake Slice,Late Night,Takeout Counter,3.58,20,,3.04,Walk-in,true
FOO-0018,2026-06-09,CUST-0005,VIP,Metro Area,Takeout,PS-0208,Iced Coffee,Beverage,1,3.11,0.35,2.76,1.17,Credit/Debit Card,Completed,true,5,ORD-012,Iced Coffee,Breakfast,Delivery,0.71,12,,1.09,Walk-in,true
FOO-0019,2026-06-12,CUST-0001,VIP,South Region,Dine-in,PS-0300,Ice Cream Cup,Dessert,2,4.07,0.91,7.23,3,Online Payment,Completed,true,3,ORD-031,Ice Cream Cup,Late Night,Table 7,2.14,20,,0.18,Phone,true
FOO-0020,2026-06-13,CUST-0001,VIP,North Region,Delivery App,PS-0201,Soda,Beverage,1,3.39,0,3.39,1.19,Online Payment,Completed,false,5,ORD-044,Soda,Breakfast,Table 1,0.69,10,35,0.97,App,true
FOO-0021,2026-06-15,CUST-0009,VIP,North Region,Delivery App,PS-0102,Grilled Chicken Plate,Main Course,1,9.56,0,9.56,4.11,Online Payment,Cancelled,false,,ORD-002,Grilled Chicken Plate,Breakfast,Table 1,2.35,15,28,3.1,Walk-in,true
FOO-0022,2026-06-26,CUST-0008,VIP,East Region,Delivery App,PS-0203,Iced Coffee,Beverage,1,3.17,0.26,2.91,1.21,Mobile Wallet,Completed,true,4,ORD-008,Iced Coffee,Breakfast,Table 3,0.67,9,49,1.5,App,true
FOO-0023,2026-06-28,CUST-0003,VIP,North Region,Takeout,PS-0304,Ice Cream Cup,Dessert,3,4.64,0,13.92,4.98,Online Payment,Completed,false,4,ORD-047,Ice Cream Cup,Breakfast,Delivery,3.98,9,,0.65,Walk-in,true
FOO-0024,2026-07-07,CUST-0003,VIP,Metro Area,Delivery App,PS-0105,Veggie Bowl,Main Course,1,9.49,1.46,8.03,2.64,Credit/Debit Card,Completed,true,3,ORD-041,Veggie Bowl,Lunch,Table 3,2.31,4,40,3.02,App,true
FOO-0025,2026-07-08,CUST-0006,VIP,North Region,Dine-in,PS-0206,Iced Coffee,Beverage,3,3.31,0.76,9.17,4.14,Cash,Completed,true,5,ORD-040,Iced Coffee,Late Night,Table 1,2.6,15,,0.61,Phone,true
FOO-0026,2026-07-09,CUST-0002,VIP,Metro Area,Takeout,PS-0107,Beef Stir Fry,Main Course,2,11.07,1.13,21.01,7.67,Cash,Completed,false,3,ORD-017,Beef Stir Fry,Late Night,Takeout Counter,4.45,7,,0.63,App,true
FOO-0027,2026-07-11,CUST-0001,VIP,South Region,Delivery App,PS-0108,Beef Stir Fry,Main Course,3,11.21,0,33.63,12.24,Cash,Completed,false,4,ORD-022,Beef Stir Fry,Late Night,Takeout Counter,8.71,5,18,1.75,Walk-in,true
FOO-0028,2026-07-12,CUST-0007,VIP,South Region,Dine-in,PS-0100,Grilled Chicken Plate,Main Course,1,11.3,0.71,10.59,3.74,Online Payment,Refunded,false,,ORD-003,Grilled Chicken Plate,Breakfast,Takeout Counter,2.49,20,,1.74,Phone,true
FOO-0029,2026-07-20,CUST-0003,VIP,East Region,Dine-in,PS-0201,Iced Coffee,Beverage,1,3.12,0,3.12,1.45,Cash,Completed,false,5,ORD-046,Iced Coffee,Dinner,Delivery,0.91,18,,2.51,App,true
FOO-0030,2026-07-24,CUST-0002,VIP,South Region,Dine-in,PS-0102,Grilled Chicken Plate,Main Course,1,11.38,0,11.38,5.21,Online Payment,Completed,false,1,ORD-008,Grilled Chicken Plate,Breakfast,Delivery,2.11,20,,3.29,Walk-in,true
FOO-0031,2026-07-28,CUST-0001,VIP,East Region,Dine-in,PS-0103,Grilled Chicken Plate,Main Course,2,11.31,2.99,19.63,8.93,Credit/Debit Card,Completed,false,4,ORD-036,Grilled Chicken Plate,Breakfast,Table 7,4.38,23,,1.05,Third-party Platform,true
FOO-0032,2026-08-03,CUST-0005,VIP,Metro Area,Takeout,PS-0204,Soda,Beverage,3,3.29,1.7,8.17,2.74,Bank Transfer,Completed,true,4,ORD-046,Soda,Late Night,Table 3,2.05,22,,3.44,App,true
FOO-0033,2026-08-04,CUST-0002,VIP,Metro Area,Delivery App,PS-0105,Grilled Chicken Plate,Main Course,1,11.32,0,11.32,3.77,Online Payment,Completed,false,5,ORD-006,Grilled Chicken Plate,Late Night,Takeout Counter,2.84,25,18,0.97,Walk-in,true
FOO-0034,2026-08-05,CUST-0004,VIP,East Region,Dine-in,PS-0206,Soda,Beverage,2,3.14,0.99,5.29,2.49,Credit/Debit Card,Refunded,true,,ORD-030,Soda,Dinner,Table 3,1.56,9,,2.97,Third-party Platform,true
FOO-0035,2026-08-06,CUST-0005,VIP,East Region,Dine-in,PS-0107,Grilled Chicken Plate,Main Course,2,11.38,2.23,20.53,7.43,Cash,Completed,true,5,ORD-020,Grilled Chicken Plate,Breakfast,Table 7,5.34,18,,2.63,Third-party Platform,true
FOO-0036,2026-08-10,CUST-0002,VIP,South Region,Takeout,PS-0108,Grilled Chicken Plate,Main Course,1,11.36,0,11.36,4.11,Online Payment,Completed,false,3,ORD-019,Grilled Chicken Plate,Lunch,Table 3,2.76,22,,3.16,Phone,true
FOO-0037,2026-08-14,CUST-0003,VIP,East Region,Delivery App,PS-0100,Beef Stir Fry,Main Course,2,11.36,3.27,19.45,7.47,Bank Transfer,Completed,false,4,ORD-036,Beef Stir Fry,Breakfast,Table 3,4.75,22,27,1.25,Walk-in,true
FOO-0038,2026-08-15,CUST-0002,VIP,North Region,Dine-in,PS-0101,Beef Stir Fry,Main Course,3,11.26,5.57,28.21,9.99,Credit/Debit Card,Completed,true,4,ORD-001,Beef Stir Fry,Late Night,Table 7,6.74,8,,3.07,Third-party Platform,true
FOO-0039,2026-08-17,CUST-0006,VIP,North Region,Takeout,PS-0302,Brownie,Dessert,1,4.3,0.22,4.08,1.57,Online Payment,Completed,false,4,ORD-025,Brownie,Breakfast,Table 1,0.84,19,,2.26,Walk-in,true
FOO-0040,2026-08-20,CUST-0001,VIP,North Region,Dine-in,PS-0103,Grilled Chicken Plate,Main Course,2,11.13,0,22.26,7.17,Cash,Completed,false,4,ORD-031,Grilled Chicken Plate,Late Night,Table 1,6.1,11,,0.88,Phone,true
FOO-0041,2026-08-25,CUST-0016,Returning,South Region,Dine-in,PS-0204,Iced Coffee,Beverage,1,3.34,0,3.34,1.08,Online Payment,Refunded,false,,ORD-023,Iced Coffee,Late Night,Delivery,0.91,8,,1.65,Walk-in,true
FOO-0042,2026-09-07,CUST-0001,VIP,South Region,Dine-in,PS-0105,Beef Stir Fry,Main Course,3,11.37,2.46,31.65,14.08,Cash,Completed,false,5,ORD-019,Beef Stir Fry,Dinner,Table 7,5.86,6,,3.13,Phone,true
FOO-0043,2026-09-09,CUST-0004,VIP,Metro Area,Delivery App,PS-0106,Grilled Chicken Plate,Main Course,2,11.14,0,22.28,7.6,Mobile Wallet,Completed,false,4,ORD-001,Grilled Chicken Plate,Late Night,Delivery,5.82,4,23,1.72,Walk-in,true
FOO-0044,2026-09-10,CUST-0006,VIP,Metro Area,Takeout,PS-0307,Brownie,Dessert,1,4.33,0.42,3.91,1.71,Mobile Wallet,Cancelled,true,,ORD-026,Brownie,Lunch,Table 1,0.79,4,,1.14,App,true
FOO-0045,2026-09-12,CUST-0017,VIP,Metro Area,Delivery App,PS-0208,Iced Coffee,Beverage,1,2.91,0,2.91,1.22,Online Payment,Completed,false,1,ORD-023,Iced Coffee,Breakfast,Table 3,0.79,25,16,0.2,Third-party Platform,true
FOO-0046,2026-09-15,CUST-0008,VIP,North Region,Dine-in,PS-0200,Fresh Juice,Beverage,3,3.17,0,9.51,3.4,Online Payment,Completed,true,5,ORD-022,Fresh Juice,Breakfast,Table 7,2.67,15,,2.57,App,true
FOO-0047,2026-09-24,CUST-0009,VIP,Metro Area,Delivery App,PS-0101,Grilled Chicken Plate,Main Course,1,11.07,1.54,9.53,3.98,Mobile Wallet,Cancelled,true,,ORD-007,Grilled Chicken Plate,Dinner,Takeout Counter,1.74,24,50,0.95,Walk-in,true
FOO-0048,2026-09-26,CUST-0006,VIP,North Region,Delivery App,PS-0102,Beef Stir Fry,Main Course,2,11.25,0,22.5,10.35,Cash,Completed,false,5,ORD-030,Beef Stir Fry,Late Night,Delivery,6.35,13,29,2.96,App,true
FOO-0049,2026-09-27,CUST-0005,VIP,Metro Area,Delivery App,PS-0203,Fresh Juice,Beverage,1,2.89,0,2.89,1.07,Cash,Pending,true,3,ORD-025,Fresh Juice,Lunch,Table 3,0.84,14,48,2.42,Phone,true
FOO-0050,2026-09-28,CUST-0007,VIP,North Region,Takeout,PS-0204,Soda,Beverage,3,3.11,0,9.33,3.99,Mobile Wallet,Completed,false,5,ORD-033,Soda,Dinner,Delivery,1.69,7,,3.08,Phone,true
