record_id,transaction_date,customer_id,customer_segment,region,channel,product_service_id,product_service_name,category,quantity,unit_price,discount_amount,revenue,direct_cost,payment_method,status,promotion_flag,customer_rating,visit_id,service_type,provider_id,appointment_date,appointment_type,service_duration_minutes,capacity_slots,booked_slots,no_show_flag,follow_up_flag,consumables_cost,membership_plan
HEA-0001,2026-03-02,CUST-0004,VIP,Metro Area,Phone Booking,PS-0100,General Consultation,Consultation,1,21.83,3.41,18.42,6.12,Credit/Debit Card,Completed,true,5,VIS-044,Consultation,PRV-001,2026-03-02,Follow-up,60,14,9,false,false,3.04,None
HEA-0002,2026-03-13,CUST-0003,VIP,East Region,Walk-in,PS-0201,Dental Cleaning,Dental,1,37.04,0,37.04,9.52,Cash,Completed,false,3,VIS-002,Dental,PRV-005,2026-03-13,Follow-up,63,10,10,false,false,5.67,None
HEA-0003,2026-03-15,CUST-0002,VIP,North Region,Phone Booking,PS-0302,Group Fitness Session,Fitness Class,3,12.71,6.14,31.99,9.18,Credit/Debit Card,Completed,true,5,VIS-034,Fitness Class,PRV-002,2026-03-15,Walk-in,43,19,11,false,false,4.61,None
HEA-0004,2026-04-08,CUST-0009,VIP,Metro Area,Walk-in,PS-0203,Dental Cleaning,Dental,1,37.57,0,37.57,10.14,Cash,Completed,false,4,VIS-028,Dental,PRV-003,2026-04-08,New,53,9,7,false,false,5.9,Annual Membership
HEA-0005,2026-04-09,CUST-0002,VIP,North Region,Online Booking,PS-0104,General Consultation,Consultation,1,22.13,3.28,18.85,5.3,Cash,Pending,false,5,VIS-034,Consultation,PRV-006,2026-04-09,Walk-in,61,6,4,false,false,1.81,None
HEA-0006,2026-04-10,CUST-0009,VIP,North Region,Walk-in,PS-0105,General Consultation,Consultation,1,22.11,0,22.11,5.59,Credit/Debit Card,Completed,false,4,VIS-002,Consultation,PRV-006,2026-04-10,New,39,16,5,true,false,1.92,Monthly Pass
HEA-0007,2026-04-12,CUST-0005,VIP,Metro Area,Walk-in,PS-0106,General Consultation,Consultation,1,22.3,0,22.3,7.02,Mobile Wallet,Completed,false,4,VIS-006,Consultation,PRV-004,2026-04-12,Follow-up,55,11,6,false,false,3.23,Annual Membership
HEA-0008,2026-04-16,CUST-0009,VIP,North Region,Walk-in,PS-0107,General Consultation,Consultation,1,22.18,3.79,18.39,4.82,Cash,Cancelled,false,,VIS-007,Consultation,PRV-003,2026-04-16,Walk-in,34,18,3,false,false,2.78,Monthly Pass
HEA-0009,2026-04-26,CUST-0003,VIP,Metro Area,Walk-in,PS-0308,Group Fitness Session,Fitness Class,1,11.84,0,11.84,4.35,Mobile Wallet,Completed,false,5,VIS-047,Fitness Class,PRV-001,2026-04-26,New,63,14,14,false,false,1.87,Annual Membership
HEA-0010,2026-05-09,CUST-0016,VIP,South Region,Phone Booking,PS-0100,General Consultation,Consultation,1,21.68,0,21.68,6.87,Online Payment,Completed,false,5,VIS-047,Consultation,PRV-005,2026-05-09,Follow-up,18,18,11,false,true,2.43,Monthly Pass
HEA-0011,2026-05-13,CUST-0002,VIP,East Region,Phone Booking,PS-0301,Group Fitness Session,Fitness Class,1,12.92,1.14,11.78,3.53,Online Payment,Completed,false,4,VIS-022,Fitness Class,PRV-005,2026-05-13,Walk-in,32,9,8,false,false,1.92,None
HEA-0012,2026-05-14,CUST-0009,VIP,East Region,Phone Booking,PS-0302,Group Fitness Session,Fitness Class,2,11.6,1.39,21.81,7.85,Bank Transfer,Completed,true,4,VIS-027,Fitness Class,PRV-006,2026-05-14,Follow-up,18,18,9,true,true,2.25,Monthly Pass
HEA-0013,2026-05-18,CUST-0009,VIP,Metro Area,Online Booking,PS-0103,General Consultation,Consultation,1,21.96,0,21.96,7.86,Bank Transfer,Completed,false,5,VIS-026,Consultation,PRV-004,2026-05-18,Walk-in,37,13,7,false,false,3.05,None
HEA-0014,2026-05-20,CUST-0001,Returning,East Region,Online Booking,PS-0104,General Consultation,Consultation,1,22.17,0,22.17,8.73,Bank Transfer,Completed,false,5,VIS-023,Consultation,PRV-003,2026-05-20,New,49,13,4,true,false,3.39,Annual Membership
HEA-0015,2026-05-26,CUST-0016,VIP,East Region,Online Booking,PS-0105,General Consultation,Consultation,1,21.73,2.15,19.58,7.6,Cash,Completed,true,4,VIS-044,Consultation,PRV-005,2026-05-26,New,68,18,11,false,false,2.76,Monthly Pass
HEA-0016,2026-05-28,CUST-0008,VIP,East Region,Online Booking,PS-0106,General Consultation,Consultation,1,22.03,2.64,19.39,7.15,Bank Transfer,Completed,true,3,VIS-027,Consultation,PRV-002,2026-05-28,New,26,15,15,false,false,1.69,Monthly Pass
HEA-0017,2026-06-01,CUST-0010,VIP,North Region,Online Booking,PS-0307,Group Fitness Session,Fitness Class,2,13.13,0,26.26,8.85,Online Payment,Completed,false,2,VIS-013,Fitness Class,PRV-006,2026-06-01,New,72,14,9,false,false,2.21,None
HEA-0018,2026-06-03,CUST-0005,VIP,South Region,Phone Booking,PS-0108,General Consultation,Consultation,1,22.12,0,22.12,6.59,Online Payment,Completed,false,3,VIS-040,Consultation,PRV-002,2026-06-03,Walk-in,65,10,9,false,false,2.94,None
HEA-0019,2026-06-06,CUST-0010,VIP,Metro Area,Phone Booking,PS-0100,General Consultation,Consultation,1,22.19,0,22.19,8.32,Cash,Completed,false,5,VIS-042,Consultation,PRV-006,2026-06-06,New,54,9,8,false,false,2.55,None
HEA-0020,2026-06-10,CUST-0005,VIP,Metro Area,Phone Booking,PS-0101,General Consultation,Consultation,1,21.9,2.78,19.12,6.58,Online Payment,Cancelled,true,,VIS-045,Consultation,PRV-003,2026-06-10,New,61,15,8,false,true,2.85,None
HEA-0021,2026-06-11,CUST-0018,Returning,Metro Area,Phone Booking,PS-0302,Group Fitness Session,Fitness Class,3,11.84,0,35.52,10.23,Bank Transfer,Completed,false,4,VIS-043,Fitness Class,PRV-006,2026-06-11,New,65,14,3,false,true,3.2,Monthly Pass
HEA-0022,2026-06-19,CUST-0005,VIP,North Region,Online Booking,PS-0303,Group Fitness Session,Fitness Class,2,12.15,1.92,22.38,7.74,Mobile Wallet,Completed,true,5,VIS-030,Fitness Class,PRV-005,2026-06-19,New,51,6,4,false,false,2.08,None
HEA-0023,2026-06-20,CUST-0004,VIP,South Region,Online Booking,PS-0104,General Consultation,Consultation,1,21.87,0,21.87,6.98,Credit/Debit Card,Pending,false,5,VIS-045,Consultation,PRV-001,2026-06-20,New,70,18,5,false,false,3.59,None
HEA-0024,2026-07-02,CUST-0010,VIP,North Region,Walk-in,PS-0205,Dental Cleaning,Dental,1,34.26,1.92,32.34,10.54,Cash,Completed,false,5,VIS-018,Dental,PRV-002,2026-07-02,Walk-in,65,6,6,false,false,5.72,Monthly Pass
HEA-0025,2026-07-03,CUST-0018,Returning,Metro Area,Walk-in,PS-0106,General Consultation,Consultation,1,21.69,0,21.69,6.25,Bank Transfer,Completed,false,4,VIS-049,Consultation,PRV-003,2026-07-03,Walk-in,69,11,10,false,true,2.36,None
HEA-0026,2026-07-06,CUST-0012,Returning,Metro Area,Phone Booking,PS-0307,Group Fitness Session,Fitness Class,3,12.57,0,37.71,11.61,Credit/Debit Card,Completed,false,4,VIS-047,Fitness Class,PRV-005,2026-07-06,Follow-up,40,14,5,false,true,5.32,None
HEA-0027,2026-07-09,CUST-0006,New,North Region,Walk-in,PS-0108,General Consultation,Consultation,1,25.57,0,25.57,8.13,Online Payment,Completed,false,4,VIS-040,Consultation,PRV-003,2026-07-09,Follow-up,41,8,7,false,false,3.38,Annual Membership
HEA-0028,2026-07-14,CUST-0002,VIP,Metro Area,Phone Booking,PS-0100,General Consultation,Consultation,1,26.15,1.54,24.61,8.76,Online Payment,Cancelled,true,,VIS-044,Consultation,PRV-005,2026-07-14,New,25,9,5,false,false,1.97,Annual Membership
HEA-0029,2026-07-17,CUST-0007,VIP,South Region,Walk-in,PS-0301,Group Fitness Session,Fitness Class,2,11.55,4.13,18.97,6.37,Bank Transfer,Refunded,false,,VIS-003,Fitness Class,PRV-006,2026-07-17,Walk-in,69,20,8,false,false,1.71,Annual Membership
HEA-0030,2026-07-21,CUST-0009,VIP,North Region,Walk-in,PS-0202,Dental Cleaning,Dental,1,32.9,0,32.9,8.49,Credit/Debit Card,Completed,false,4,VIS-006,Dental,PRV-005,2026-07-21,Walk-in,17,19,6,false,false,3.65,None
HEA-0031,2026-07-24,CUST-0015,New,North Region,Phone Booking,PS-0303,Group Fitness Session,Fitness Class,2,11.66,2.33,20.99,5.67,Mobile Wallet,Completed,true,4,VIS-007,Fitness Class,PRV-004,2026-07-24,Walk-in,31,7,3,false,false,2.39,None
HEA-0032,2026-07-26,CUST-0010,VIP,North Region,Online Booking,PS-0104,General Consultation,Consultation,1,25.75,0,25.75,6.8,Cash,Completed,false,1,VIS-015,Consultation,PRV-004,2026-07-26,Follow-up,69,7,3,false,false,2.63,Monthly Pass
HEA-0033,2026-07-28,CUST-0017,New,North Region,Online Booking,PS-0205,Dental Cleaning,Dental,1,36.09,0,36.09,12.67,Online Payment,Completed,false,4,VIS-017,Dental,PRV-005,2026-07-28,Follow-up,16,20,13,false,false,4.51,None
HEA-0034,2026-08-03,CUST-0012,Returning,South Region,Phone Booking,PS-0106,General Consultation,Consultation,1,26.25,0,26.25,8.98,Bank Transfer,Completed,false,1,VIS-033,Consultation,PRV-006,2026-08-03,Follow-up,15,20,7,false,false,2.73,Annual Membership
HEA-0035,2026-08-08,CUST-0002,VIP,North Region,Walk-in,PS-0107,General Consultation,Consultation,1,26.13,0,26.13,10.03,Cash,Completed,false,5,VIS-003,Consultation,PRV-001,2026-08-08,Walk-in,27,17,8,false,true,2.12,None
HEA-0036,2026-08-12,CUST-0016,VIP,South Region,Online Booking,PS-0108,General Consultation,Consultation,1,25.58,3.61,21.97,7.4,Online Payment,Completed,false,2,VIS-050,Consultation,PRV-006,2026-08-12,Follow-up,21,13,13,false,false,3.76,Monthly Pass
HEA-0037,2026-08-16,CUST-0001,Returning,South Region,Online Booking,PS-0100,General Consultation,Consultation,1,25.58,3.53,22.05,6.33,Online Payment,Completed,false,5,VIS-031,Consultation,PRV-003,2026-08-16,New,68,12,5,false,true,2.62,Monthly Pass
HEA-0038,2026-08-18,CUST-0009,VIP,East Region,Phone Booking,PS-0301,Group Fitness Session,Fitness Class,2,11.7,3.11,20.29,8.12,Mobile Wallet,Cancelled,false,,VIS-001,Fitness Class,PRV-001,2026-08-18,New,68,19,8,false,false,2.86,None
HEA-0039,2026-08-21,CUST-0008,VIP,South Region,Online Booking,PS-0102,General Consultation,Consultation,1,26.34,0,26.34,10.43,Bank Transfer,Completed,false,2,VIS-034,Consultation,PRV-004,2026-08-21,New,60,16,16,false,true,3.42,Monthly Pass
HEA-0040,2026-08-22,CUST-0007,VIP,Metro Area,Walk-in,PS-0103,General Consultation,Consultation,1,25.69,0,25.69,7.04,Mobile Wallet,Completed,false,5,VIS-049,Consultation,PRV-002,2026-08-22,New,28,16,13,false,false,3.31,Monthly Pass
HEA-0041,2026-08-25,CUST-0003,VIP,East Region,Phone Booking,PS-0204,Dental Cleaning,Dental,1,38.05,0,38.05,13.17,Bank Transfer,Completed,false,3,VIS-025,Dental,PRV-005,2026-08-25,New,26,7,6,false,false,5.71,Annual Membership
HEA-0042,2026-09-01,CUST-0009,VIP,North Region,Online Booking,PS-0305,Group Fitness Session,Fitness Class,3,10.95,0,32.85,12.75,Bank Transfer,Completed,false,4,VIS-011,Fitness Class,PRV-006,2026-09-01,New,59,16,4,false,false,2.69,Annual Membership
HEA-0043,2026-09-04,CUST-0003,VIP,East Region,Online Booking,PS-0106,General Consultation,Consultation,1,25.78,0,25.78,10.21,Bank Transfer,Completed,false,3,VIS-048,Consultation,PRV-001,2026-09-04,New,63,6,6,false,true,3.27,None
HEA-0044,2026-09-09,CUST-0010,VIP,South Region,Online Booking,PS-0107,General Consultation,Consultation,1,25.81,2.81,23,6.72,Credit/Debit Card,Completed,false,5,VIS-002,Consultation,PRV-006,2026-09-09,Follow-up,62,12,7,false,true,2.46,Monthly Pass
HEA-0045,2026-09-10,CUST-0008,VIP,Metro Area,Phone Booking,PS-0108,General Consultation,Consultation,1,25.58,1.59,23.99,8.8,Cash,Pending,false,4,VIS-045,Consultation,PRV-005,2026-09-10,Follow-up,41,19,11,false,false,3.96,Annual Membership
HEA-0046,2026-09-12,CUST-0004,VIP,North Region,Phone Booking,PS-0100,General Consultation,Consultation,1,26.2,0,26.2,8.78,Cash,Refunded,false,,VIS-004,Consultation,PRV-001,2026-09-12,New,45,15,8,false,false,3.98,None
HEA-0047,2026-09-14,CUST-0014,New,South Region,Online Booking,PS-0301,Group Fitness Session,Fitness Class,3,11.55,0,34.65,12.02,Online Payment,Completed,false,5,VIS-022,Fitness Class,PRV-006,2026-09-14,Walk-in,65,11,3,false,false,3.98,Annual Membership
HEA-0048,2026-09-16,CUST-0004,VIP,Metro Area,Walk-in,PS-0202,Dental Cleaning,Dental,1,35.27,0,35.27,10.37,Online Payment,Completed,false,4,VIS-014,Dental,PRV-003,2026-09-16,New,49,13,9,true,false,4.62,None
HEA-0049,2026-09-21,CUST-0007,VIP,Metro Area,Walk-in,PS-0103,General Consultation,Consultation,1,26.26,0,26.26,7.56,Cash,Completed,false,5,VIS-023,Consultation,PRV-006,2026-09-21,Follow-up,38,16,12,false,false,3.89,Monthly Pass
HEA-0050,2026-09-22,CUST-0005,VIP,Metro Area,Walk-in,PS-0304,Group Fitness Session,Fitness Class,3,11.81,0,35.43,11.66,Cash,Completed,false,4,VIS-016,Fitness Class,PRV-006,2026-09-22,Walk-in,40,11,5,false,false,3.76,Monthly Pass
