record_id,transaction_date,customer_id,customer_segment,region,channel,product_service_id,product_service_name,category,quantity,unit_price,discount_amount,revenue,direct_cost,payment_method,status,promotion_flag,customer_rating,subscription_or_project_id,plan_name,billing_cycle,active_users,feature_usage_count,api_calls,support_tickets,uptime_percent,subscription_start_date,subscription_end_date,renewal_flag,churn_flag
ITA-0001,2026-03-08,CUST-0005,VIP,Metro Area,Online Signup,PS-0300,Monthly IT Support Retainer,IT Support,1,60.73,0,60.73,18.52,Bank Transfer,Completed,false,1,SUB-017,Business,Annual,18,241,21590,2,98.41,2025-10-14,2027-01-06,true,false
ITA-0002,2026-03-15,CUST-0003,VIP,North Region,Sales Outreach,PS-0101,Pro Plan Subscription,SaaS Subscription,2,29.01,7.83,50.19,13.15,Cash,Refunded,false,,SUB-043,Basic,Monthly,47,278,8540,1,98.39,2025-09-27,2026-12-02,true,false
ITA-0003,2026-03-17,CUST-0012,VIP,Metro Area,Online Signup,PS-0302,Monthly IT Support Retainer,IT Support,2,61.32,0,122.64,45.74,Mobile Wallet,Completed,false,2,SUB-016,Enterprise,Monthly,4,109,10215,2,98.72,2026-02-15,2026-10-08,true,false
ITA-0004,2026-03-24,CUST-0003,VIP,North Region,Partner Referral,PS-0103,Pro Plan Subscription,SaaS Subscription,2,28.81,0,57.62,14.46,Cash,Completed,false,5,SUB-008,Business,Monthly,47,150,15885,6,98.08,2025-12-03,2026-10-11,true,true
ITA-0005,2026-03-28,CUST-0007,VIP,North Region,Sales Outreach,PS-0204,Website Build Package,Web Development,1,189.02,0,189.02,44.42,Credit/Debit Card,Completed,false,5,SUB-038,Business,Monthly,20,140,1114,5,99.15,2025-11-22,2026-11-12,true,false
ITA-0006,2026-04-02,CUST-0016,New,Metro Area,Online Signup,PS-0305,Monthly IT Support Retainer,IT Support,2,61.13,11.49,110.77,27.03,Mobile Wallet,Completed,false,3,SUB-033,Business,Monthly,45,51,14183,1,99.68,2026-03-18,2026-09-26,false,true
ITA-0007,2026-04-07,CUST-0009,VIP,East Region,Partner Referral,PS-0306,Monthly IT Support Retainer,IT Support,1,57.31,0,57.31,20.86,Bank Transfer,Cancelled,false,,SUB-005,Pro,Annual,10,334,4462,5,98.6,2026-01-05,2026-08-08,true,false
ITA-0008,2026-04-24,CUST-0001,VIP,Metro Area,Sales Outreach,PS-0307,Monthly IT Support Retainer,IT Support,1,57.32,2.98,54.34,11.9,Online Payment,Completed,false,5,SUB-026,Pro,Annual,25,6,8273,3,99.65,2025-11-08,2026-09-25,true,false
ITA-0009,2026-04-25,CUST-0008,VIP,North Region,Online Signup,PS-0208,Website Build Package,Web Development,1,194.91,0,194.91,53.99,Bank Transfer,Completed,false,5,SUB-035,Business,Monthly,43,323,16739,4,98.1,2026-01-25,2027-04-16,true,false
ITA-0010,2026-05-03,CUST-0012,VIP,South Region,Online Signup,PS-0100,Pro Plan Subscription,SaaS Subscription,3,29.32,0,87.96,19.26,Mobile Wallet,Completed,false,3,SUB-041,Basic,Monthly,28,280,14244,4,98.23,2025-11-05,2027-02-07,true,false
ITA-0011,2026-05-10,CUST-0018,Returning,East Region,Sales Outreach,PS-0101,Pro Plan Subscription,SaaS Subscription,1,29.02,0,29.02,8.07,Mobile Wallet,Completed,false,4,SUB-030,Enterprise,Annual,60,217,20227,6,99.27,2026-02-15,2026-06-27,true,false
ITA-0012,2026-05-15,CUST-0007,VIP,South Region,Partner Referral,PS-0302,Monthly IT Support Retainer,IT Support,1,58.05,8.59,49.46,15.43,Mobile Wallet,Completed,true,4,SUB-023,Basic,Annual,14,155,18606,5,97.98,2026-02-24,2027-01-27,true,false
ITA-0013,2026-05-21,CUST-0004,VIP,East Region,Partner Referral,PS-0103,Pro Plan Subscription,SaaS Subscription,3,28.72,0,86.16,27.4,Credit/Debit Card,Completed,false,1,SUB-023,Basic,Monthly,46,80,12592,6,99.08,2025-11-30,2026-06-30,true,false
ITA-0014,2026-05-23,CUST-0005,VIP,North Region,Partner Referral,PS-0104,Pro Plan Subscription,SaaS Subscription,1,28.6,0,28.6,9.52,Online Payment,Cancelled,false,,SUB-037,Pro,Annual,48,129,18609,4,97.56,2025-12-07,2026-09-12,true,false
ITA-0015,2026-05-26,CUST-0002,VIP,North Region,Online Signup,PS-0105,Pro Plan Subscription,SaaS Subscription,2,28.79,0,57.58,21.3,Mobile Wallet,Refunded,false,,SUB-012,Pro,Annual,36,365,24226,3,99.78,2026-01-16,2026-07-02,true,false
ITA-0016,2026-05-27,CUST-0010,Returning,South Region,Sales Outreach,PS-0306,Monthly IT Support Retainer,IT Support,1,61.75,4.82,56.93,15.71,Bank Transfer,Completed,false,2,SUB-050,Enterprise,Annual,13,187,14806,4,98.95,2026-02-12,2027-04-30,true,false
ITA-0017,2026-06-02,CUST-0005,VIP,East Region,Sales Outreach,PS-0107,Pro Plan Subscription,SaaS Subscription,2,28.93,0,57.86,21.23,Credit/Debit Card,Completed,false,5,SUB-036,Basic,Monthly,32,243,10386,4,97.61,2025-12-24,2026-08-14,true,false
ITA-0018,2026-06-06,CUST-0015,Returning,East Region,Partner Referral,PS-0108,Pro Plan Subscription,SaaS Subscription,1,28.63,0,28.63,10.02,Credit/Debit Card,Cancelled,true,,SUB-022,Basic,Annual,16,72,20093,4,99.16,2026-04-01,2026-11-07,true,false
ITA-0019,2026-06-08,CUST-0001,VIP,South Region,Online Signup,PS-0100,Pro Plan Subscription,SaaS Subscription,2,28.8,8.7,48.9,14.08,Online Payment,Cancelled,false,,SUB-015,Pro,Monthly,50,114,24155,5,98.39,2026-02-26,2026-08-29,true,false
ITA-0020,2026-06-09,CUST-0001,VIP,South Region,Partner Referral,PS-0301,Monthly IT Support Retainer,IT Support,1,57.38,0,57.38,18.99,Cash,Completed,false,4,SUB-031,Business,Annual,59,246,23952,3,98.88,2026-03-20,2026-11-05,true,false
ITA-0021,2026-06-13,CUST-0002,VIP,South Region,Sales Outreach,PS-0102,Pro Plan Subscription,SaaS Subscription,1,29.03,2.58,26.45,7.22,Cash,Completed,true,3,SUB-032,Basic,Annual,14,252,1103,1,98.7,2026-01-21,2026-09-21,true,false
ITA-0022,2026-06-15,CUST-0009,VIP,South Region,Online Signup,PS-0103,Pro Plan Subscription,SaaS Subscription,3,28.82,0,86.46,24.04,Mobile Wallet,Completed,false,3,SUB-001,Pro,Annual,59,277,6279,0,97.56,2026-01-26,2026-09-11,true,false
ITA-0023,2026-06-28,CUST-0001,VIP,South Region,Sales Outreach,PS-0204,Website Build Package,Web Development,1,186.98,0,186.98,56.65,Mobile Wallet,Completed,false,5,SUB-046,Enterprise,Monthly,38,345,21608,2,98.67,2026-04-22,2027-02-14,true,false
ITA-0024,2026-07-04,CUST-0009,VIP,Metro Area,Partner Referral,PS-0305,Monthly IT Support Retainer,IT Support,1,61.19,0,61.19,22.21,Bank Transfer,Cancelled,false,,SUB-017,Business,Monthly,8,239,20324,0,99.6,2026-01-24,2026-08-12,true,false
ITA-0025,2026-07-05,CUST-0007,VIP,South Region,Sales Outreach,PS-0206,Website Build Package,Web Development,1,181.65,0,181.65,47.41,Mobile Wallet,Completed,false,4,SUB-033,Basic,Monthly,35,282,16282,1,99.54,2026-02-23,2027-04-16,true,false
ITA-0026,2026-07-08,CUST-0002,VIP,South Region,Online Signup,PS-0207,Website Build Package,Web Development,1,178.77,0,178.77,42.73,Bank Transfer,Completed,false,3,SUB-045,Enterprise,Monthly,53,102,22310,5,97.79,2026-04-18,2026-12-10,true,false
ITA-0027,2026-07-10,CUST-0003,VIP,Metro Area,Online Signup,PS-0208,Website Build Package,Web Development,1,184.24,0,184.24,46.8,Bank Transfer,Completed,false,2,SUB-023,Pro,Annual,36,114,22053,3,97.55,2026-03-31,2026-10-09,true,false
ITA-0028,2026-07-17,CUST-0001,VIP,North Region,Partner Referral,PS-0100,Pro Plan Subscription,SaaS Subscription,3,33.75,0,101.25,29.06,Mobile Wallet,Completed,false,4,SUB-044,Pro,Annual,38,284,10572,3,99.7,2026-04-14,2027-03-09,true,false
ITA-0029,2026-07-22,CUST-0006,New,Metro Area,Sales Outreach,PS-0301,Monthly IT Support Retainer,IT Support,2,61.94,10.78,113.1,23.07,Credit/Debit Card,Completed,false,4,SUB-003,Basic,Annual,42,313,11164,0,99.71,2026-03-19,2027-01-19,false,false
ITA-0030,2026-07-23,CUST-0003,VIP,North Region,Online Signup,PS-0102,Pro Plan Subscription,SaaS Subscription,2,34.14,0,68.28,14.75,Credit/Debit Card,Completed,false,3,SUB-021,Pro,Annual,14,160,17276,5,98.43,2026-04-27,2027-04-14,true,false
ITA-0031,2026-07-26,CUST-0003,VIP,Metro Area,Sales Outreach,PS-0103,Pro Plan Subscription,SaaS Subscription,2,33.98,0,67.96,16.31,Cash,Refunded,false,,SUB-039,Pro,Monthly,54,297,1643,1,98.41,2026-03-12,2026-09-10,true,false
ITA-0032,2026-08-02,CUST-0003,VIP,North Region,Sales Outreach,PS-0104,Pro Plan Subscription,SaaS Subscription,2,33.99,13.12,54.86,19.91,Bank Transfer,Completed,true,4,SUB-045,Basic,Annual,25,108,16722,6,98.61,2026-04-02,2027-04-01,true,false
ITA-0033,2026-08-05,CUST-0001,VIP,South Region,Online Signup,PS-0305,Monthly IT Support Retainer,IT Support,1,61.54,0,61.54,14.65,Online Payment,Completed,false,5,SUB-004,Pro,Monthly,1,273,17443,0,97.87,2026-05-19,2026-09-22,true,false
ITA-0034,2026-08-06,CUST-0010,Returning,North Region,Sales Outreach,PS-0306,Monthly IT Support Retainer,IT Support,1,63.69,0,63.69,18.34,Cash,Completed,false,5,SUB-030,Basic,Monthly,59,309,8374,6,99.57,2026-07-10,2027-04-02,true,false
ITA-0035,2026-08-12,CUST-0009,VIP,South Region,Online Signup,PS-0107,Pro Plan Subscription,SaaS Subscription,3,34.71,20.72,83.41,17.27,Credit/Debit Card,Completed,true,3,SUB-049,Basic,Annual,7,289,23452,4,97.93,2026-02-24,2026-12-20,true,false
ITA-0036,2026-08-16,CUST-0005,VIP,Metro Area,Partner Referral,PS-0308,Monthly IT Support Retainer,IT Support,2,57.13,0,114.26,38.28,Bank Transfer,Completed,false,5,SUB-050,Enterprise,Annual,1,144,971,2,99.48,2026-04-29,2026-11-04,true,false
ITA-0037,2026-08-19,CUST-0008,VIP,Metro Area,Sales Outreach,PS-0300,Monthly IT Support Retainer,IT Support,2,58.31,0,116.62,26.82,Cash,Cancelled,false,,SUB-039,Business,Annual,31,336,13996,3,99.69,2026-03-29,2026-10-18,true,false
ITA-0038,2026-08-20,CUST-0015,Returning,East Region,Online Signup,PS-0301,Monthly IT Support Retainer,IT Support,1,61.39,10.5,50.89,12.57,Mobile Wallet,Completed,false,1,SUB-018,Pro,Annual,58,182,20517,5,99.56,2026-03-18,2027-05-16,true,false
ITA-0039,2026-08-21,CUST-0007,VIP,East Region,Sales Outreach,PS-0302,Monthly IT Support Retainer,IT Support,2,57.46,0,114.92,24.71,Online Payment,Completed,false,5,SUB-027,Pro,Monthly,24,67,16473,1,98.21,2026-07-11,2027-02-16,true,false
ITA-0040,2026-08-26,CUST-0008,VIP,South Region,Sales Outreach,PS-0303,Monthly IT Support Retainer,IT Support,2,56.05,0,112.1,41.81,Online Payment,Completed,false,1,SUB-042,Business,Annual,28,236,19678,6,98.79,2026-06-20,2027-01-02,true,false
ITA-0041,2026-08-27,CUST-0012,VIP,East Region,Online Signup,PS-0104,Pro Plan Subscription,SaaS Subscription,3,34.47,0,103.41,28.02,Mobile Wallet,Pending,false,3,SUB-032,Basic,Monthly,35,333,142,0,99.03,2026-05-23,2027-03-16,true,false
ITA-0042,2026-09-01,CUST-0007,VIP,Metro Area,Sales Outreach,PS-0305,Monthly IT Support Retainer,IT Support,2,61.54,0,123.08,45.79,Online Payment,Completed,false,5,SUB-011,Pro,Monthly,27,297,13072,2,98.03,2026-07-04,2027-02-03,true,false
ITA-0043,2026-09-06,CUST-0002,VIP,South Region,Sales Outreach,PS-0306,Monthly IT Support Retainer,IT Support,2,61.3,14.59,108.01,22.57,Mobile Wallet,Completed,false,5,SUB-047,Enterprise,Annual,29,231,8465,6,99.86,2026-07-17,2026-12-22,true,true
ITA-0044,2026-09-13,CUST-0001,VIP,Metro Area,Sales Outreach,PS-0107,Pro Plan Subscription,SaaS Subscription,3,33.92,0,101.76,21.67,Mobile Wallet,Completed,false,4,SUB-042,Business,Annual,11,42,14978,1,99.48,2026-05-17,2027-03-18,true,false
ITA-0045,2026-09-15,CUST-0004,VIP,North Region,Partner Referral,PS-0108,Pro Plan Subscription,SaaS Subscription,3,33.99,0,101.97,23.35,Online Payment,Completed,false,4,SUB-004,Business,Annual,53,89,18201,5,99.61,2026-04-13,2027-06-25,true,false
ITA-0046,2026-09-17,CUST-0004,VIP,South Region,Sales Outreach,PS-0100,Pro Plan Subscription,SaaS Subscription,3,34.31,19.14,83.79,30.58,Mobile Wallet,Completed,false,4,SUB-040,Pro,Monthly,32,349,14742,5,98.39,2026-04-21,2026-11-12,true,false
ITA-0047,2026-09-18,CUST-0018,Returning,Metro Area,Partner Referral,PS-0301,Monthly IT Support Retainer,IT Support,2,58.53,0,117.06,42.73,Bank Transfer,Completed,false,1,SUB-016,Enterprise,Annual,25,12,9798,1,98.72,2026-08-07,2027-08-10,true,false
ITA-0048,2026-09-21,CUST-0005,VIP,Metro Area,Online Signup,PS-0102,Pro Plan Subscription,SaaS Subscription,1,34.14,0,34.14,7.78,Mobile Wallet,Cancelled,false,,SUB-010,Basic,Monthly,40,346,20976,5,98.91,2026-06-26,2026-12-21,true,false
ITA-0049,2026-09-23,CUST-0001,VIP,South Region,Online Signup,PS-0303,Monthly IT Support Retainer,IT Support,1,63.47,0,63.47,15.04,Mobile Wallet,Completed,false,4,SUB-033,Enterprise,Monthly,47,181,16427,4,97.81,2026-08-18,2027-06-22,true,false
ITA-0050,2026-09-24,CUST-0003,VIP,Metro Area,Partner Referral,PS-0304,Monthly IT Support Retainer,IT Support,2,57.96,0,115.92,24.81,Cash,Completed,true,4,SUB-002,Business,Annual,5,94,1777,5,97.55,2026-05-03,2027-01-22,true,false
