record_id,transaction_date,customer_id,customer_segment,region,channel,product_service_id,product_service_name,category,quantity,unit_price,discount_amount,revenue,direct_cost,payment_method,status,promotion_flag,customer_rating,production_batch_id,product_line,units_produced,units_defective,machine_hours,labor_hours,material_cost,labor_cost,overhead_cost,downtime_minutes,lead_time_days,waste_units
MAN-0001,2026-03-10,CUST-0006,VIP,East Region,Export,PS-0300,Packaged Snack Batch,Food Processing,598,1.72,0,1028.56,566.74,Credit/Debit Card,Completed,false,5,BAT-001,Food Processing,598,45,33.87,28.57,383.65,125.48,90.51,61,15,7
MAN-0002,2026-03-13,CUST-0013,Returning,East Region,Export,PS-0301,Packaged Snack Batch,Food Processing,408,1.98,95.33,712.51,461.71,Cash,Completed,false,4,BAT-023,Food Processing,408,26,38.2,19.14,223.02,96.19,52.73,25,2,14
MAN-0003,2026-03-14,CUST-0003,VIP,North Region,Distributor,PS-0102,Cotton Shirt Batch,Garments,101,6.5,0,656.5,342.04,Cash,Completed,true,5,BAT-001,Garments,101,2,20.26,35.35,261.94,117.51,57.12,21,14,0
MAN-0004,2026-03-20,CUST-0004,VIP,East Region,Direct Order,PS-0303,Packaged Snack Batch,Food Processing,785,1.78,0,1397.3,845.37,Bank Transfer,Completed,false,4,BAT-042,Food Processing,785,49,2.22,55.19,586.87,272.47,83.84,52,5,14
MAN-0005,2026-03-25,CUST-0007,Returning,Metro Area,Distributor,PS-0104,Cotton Shirt Batch,Garments,290,6.45,332.95,1537.55,804.14,Cash,Completed,false,5,BAT-040,Garments,290,14,21.18,31.06,539.68,276.76,109.17,70,10,10
MAN-0006,2026-04-05,CUST-0002,VIP,Metro Area,Direct Order,PS-0105,Cotton Shirt Batch,Garments,109,6.42,62.98,636.8,341.32,Bank Transfer,Completed,true,5,BAT-027,Garments,109,2,17.03,12.3,256.63,71.32,42.67,57,8,2
MAN-0007,2026-04-07,CUST-0005,VIP,South Region,Distributor,PS-0206,Wooden Chair Batch,Furniture,27,21.39,80.85,496.68,272.18,Online Payment,Completed,false,4,BAT-013,Furniture,27,2,14.88,42.91,172.84,85.43,55.13,75,8,3
MAN-0008,2026-04-14,CUST-0006,VIP,South Region,Export,PS-0107,Cotton Shirt Batch,Garments,215,6.57,189.28,1223.27,797.57,Credit/Debit Card,Completed,true,4,BAT-031,Garments,215,9,39.56,54.93,550.47,198.17,84.41,31,18,10
MAN-0009,2026-04-18,CUST-0004,VIP,North Region,Direct Order,PS-0308,Packaged Snack Batch,Food Processing,347,1.96,0,680.12,363.86,Cash,Pending,false,3,BAT-042,Food Processing,347,2,19.53,59.01,294.49,70.05,36.05,69,15,14
MAN-0010,2026-05-01,CUST-0010,VIP,East Region,Direct Order,PS-0300,Packaged Snack Batch,Food Processing,368,1.93,0,710.24,438.22,Cash,Completed,false,4,BAT-016,Food Processing,368,3,13.53,14.16,249.29,84.52,56.11,3,9,3
MAN-0011,2026-05-14,CUST-0004,VIP,North Region,Direct Order,PS-0301,Packaged Snack Batch,Food Processing,795,1.73,0,1375.35,913.23,Online Payment,Completed,false,5,BAT-019,Food Processing,795,8,3.8,6.11,618.91,152.66,132.03,0,3,6
MAN-0012,2026-05-15,CUST-0017,VIP,Metro Area,Export,PS-0302,Packaged Snack Batch,Food Processing,534,1.82,0,971.88,620.06,Bank Transfer,Cancelled,false,,BAT-027,Food Processing,534,32,26.29,35.18,375.15,168.14,63.17,58,2,11
MAN-0013,2026-05-20,CUST-0017,VIP,North Region,Distributor,PS-0303,Packaged Snack Batch,Food Processing,298,1.75,94.39,427.11,254.56,Mobile Wallet,Completed,true,5,BAT-045,Food Processing,298,17,35.5,55.2,146.5,76.88,47.41,81,9,3
MAN-0014,2026-05-23,CUST-0002,VIP,North Region,Distributor,PS-0104,Cotton Shirt Batch,Garments,75,6.5,0,487.5,275.92,Mobile Wallet,Completed,false,4,BAT-017,Garments,75,3,11.24,5.05,216.45,92.63,34.61,24,14,11
MAN-0015,2026-05-26,CUST-0001,VIP,North Region,Direct Order,PS-0305,Packaged Snack Batch,Food Processing,708,1.85,0,1309.8,840.89,Bank Transfer,Completed,false,2,BAT-024,Food Processing,708,40,33.83,52.53,585.48,161.11,124.43,68,18,3
MAN-0016,2026-05-28,CUST-0003,VIP,North Region,Distributor,PS-0106,Cotton Shirt Batch,Garments,264,6.55,226.53,1502.67,850.51,Mobile Wallet,Completed,true,3,BAT-026,Garments,264,13,32.99,14.28,640.14,241.93,178.82,47,17,0
MAN-0017,2026-06-02,CUST-0001,VIP,North Region,Distributor,PS-0307,Packaged Snack Batch,Food Processing,563,1.77,96.66,899.85,526.41,Credit/Debit Card,Completed,true,2,BAT-008,Food Processing,563,44,35.58,25.89,317.65,172.77,64.79,52,9,15
MAN-0018,2026-06-06,CUST-0001,VIP,South Region,Direct Order,PS-0308,Packaged Snack Batch,Food Processing,563,1.7,161.75,795.35,466.87,Credit/Debit Card,Completed,false,5,BAT-010,Food Processing,563,5,36.95,12.49,329.27,113.74,79.54,45,12,13
MAN-0019,2026-06-08,CUST-0002,VIP,East Region,Direct Order,PS-0300,Packaged Snack Batch,Food Processing,589,1.87,209.27,892.16,476.41,Cash,Completed,true,5,BAT-001,Food Processing,589,5,26.74,56.67,364.89,175.76,59.77,60,12,2
MAN-0020,2026-06-12,CUST-0012,New,Metro Area,Direct Order,PS-0101,Cotton Shirt Batch,Garments,57,6.51,0,371.07,237.86,Mobile Wallet,Pending,false,5,BAT-006,Garments,57,2,2.53,48.19,152.14,63.82,36.36,89,7,2
MAN-0021,2026-06-14,CUST-0009,VIP,North Region,Export,PS-0302,Packaged Snack Batch,Food Processing,544,1.8,98.9,880.3,441.03,Online Payment,Completed,true,4,BAT-035,Food Processing,544,39,6.64,37.69,289.62,106.52,80.99,38,9,4
MAN-0022,2026-06-23,CUST-0003,VIP,East Region,Distributor,PS-0203,Wooden Chair Batch,Furniture,54,21.61,0,1166.94,729.34,Credit/Debit Card,Cancelled,true,,BAT-009,Furniture,54,3,38.1,14.7,476.11,120.19,138.87,40,16,15
MAN-0023,2026-06-25,CUST-0009,VIP,South Region,Direct Order,PS-0204,Wooden Chair Batch,Furniture,15,20.18,48.13,254.57,154.78,Mobile Wallet,Cancelled,true,,BAT-011,Furniture,15,1,38.29,58.58,109.97,35.39,16.8,2,20,5
MAN-0024,2026-07-01,CUST-0004,VIP,North Region,Export,PS-0105,Cotton Shirt Batch,Garments,289,6.42,181.83,1673.55,840.12,Credit/Debit Card,Refunded,true,,BAT-015,Garments,289,9,30.11,21.85,677.79,192.46,128.86,32,2,11
MAN-0025,2026-07-02,CUST-0015,New,East Region,Direct Order,PS-0306,Packaged Snack Batch,Food Processing,488,1.81,108.64,774.64,434.57,Cash,Completed,true,3,BAT-048,Food Processing,488,5,15.95,25.64,289.72,125.49,71.27,44,19,6
MAN-0026,2026-07-06,CUST-0002,VIP,South Region,Direct Order,PS-0207,Wooden Chair Batch,Furniture,49,22.47,147.54,953.49,521.56,Credit/Debit Card,Completed,true,4,BAT-008,Furniture,49,0,17.41,49.18,418.58,119.19,92.49,63,6,4
MAN-0027,2026-07-11,CUST-0001,VIP,Metro Area,Distributor,PS-0108,Cotton Shirt Batch,Garments,76,7.63,0,579.88,338.07,Bank Transfer,Completed,false,5,BAT-021,Garments,76,1,15.87,19.03,223.83,59.15,31.89,29,2,2
MAN-0028,2026-07-13,CUST-0010,VIP,East Region,Distributor,PS-0100,Cotton Shirt Batch,Garments,105,7.6,74.21,723.79,425.59,Mobile Wallet,Completed,true,5,BAT-001,Garments,105,1,9.14,51.41,314.85,93.37,57.18,81,18,10
MAN-0029,2026-07-17,CUST-0017,VIP,Metro Area,Direct Order,PS-0301,Packaged Snack Batch,Food Processing,441,1.88,0,829.08,476.72,Cash,Completed,false,5,BAT-012,Food Processing,441,30,37.54,53.91,266.96,124.36,76.28,89,17,13
MAN-0030,2026-07-20,CUST-0018,New,East Region,Export,PS-0302,Packaged Snack Batch,Food Processing,264,1.81,0,477.84,272.85,Bank Transfer,Completed,false,5,BAT-037,Food Processing,264,15,2.43,50.96,192.09,83.14,47.78,2,3,8
MAN-0031,2026-07-21,CUST-0007,Returning,South Region,Export,PS-0203,Wooden Chair Batch,Furniture,30,22.3,0,669,371.96,Bank Transfer,Completed,false,3,BAT-006,Furniture,30,2,16.63,51.12,291.02,73.59,55.53,59,20,13
MAN-0032,2026-07-26,CUST-0009,VIP,East Region,Distributor,PS-0304,Packaged Snack Batch,Food Processing,747,1.82,0,1359.54,841.56,Cash,Completed,true,5,BAT-006,Food Processing,747,32,21.82,9.35,603.64,202.57,144.11,38,19,15
MAN-0033,2026-07-27,CUST-0003,VIP,North Region,Direct Order,PS-0305,Packaged Snack Batch,Food Processing,800,1.9,0,1520,1012.32,Bank Transfer,Completed,false,3,BAT-027,Food Processing,800,3,17.35,49.86,510.72,199.12,152,51,3,9
MAN-0034,2026-08-01,CUST-0002,VIP,North Region,Export,PS-0106,Cotton Shirt Batch,Garments,264,7.77,0,2051.28,1390.77,Credit/Debit Card,Completed,false,3,BAT-027,Garments,264,5,4.21,39.83,648.2,299.49,176.41,13,3,3
MAN-0035,2026-08-03,CUST-0017,VIP,Metro Area,Distributor,PS-0107,Cotton Shirt Batch,Garments,103,7.66,0,788.98,433.94,Bank Transfer,Completed,false,4,BAT-019,Garments,103,7,14.26,5.34,263.52,115.19,82.84,20,14,7
MAN-0036,2026-08-04,CUST-0003,VIP,South Region,Export,PS-0208,Wooden Chair Batch,Furniture,38,23.89,0,907.82,610.06,Cash,Completed,false,5,BAT-017,Furniture,38,1,37.83,42.88,300.49,173.39,57.19,67,2,8
MAN-0037,2026-08-09,CUST-0002,VIP,Metro Area,Direct Order,PS-0300,Packaged Snack Batch,Food Processing,353,1.9,67.07,603.63,348.29,Bank Transfer,Completed,true,4,BAT-012,Food Processing,353,4,24.67,34.98,207.05,74.85,66.4,54,21,11
MAN-0038,2026-08-19,CUST-0004,VIP,North Region,Direct Order,PS-0201,Wooden Chair Batch,Furniture,30,20.19,0,605.7,383.41,Mobile Wallet,Completed,false,4,BAT-006,Furniture,30,0,25.78,55.55,264.09,89.04,38.16,85,8,12
MAN-0039,2026-08-21,CUST-0013,Returning,East Region,Direct Order,PS-0102,Cotton Shirt Batch,Garments,291,7.68,0,2234.88,1211.3,Mobile Wallet,Completed,false,3,BAT-017,Garments,291,15,33.33,24.11,889.48,259.25,219.02,38,20,5
MAN-0040,2026-08-24,CUST-0006,VIP,Metro Area,Export,PS-0103,Cotton Shirt Batch,Garments,284,7.58,0,2152.72,1194.76,Online Payment,Completed,false,4,BAT-041,Garments,284,17,32.8,50.51,880.46,301.38,135.62,57,20,15
MAN-0041,2026-08-26,CUST-0016,New,East Region,Direct Order,PS-0104,Cotton Shirt Batch,Garments,298,7.76,166.5,2145.98,1186.73,Credit/Debit Card,Completed,true,5,BAT-016,Garments,298,8,26.87,29.25,789.72,321.9,156.66,85,9,10
MAN-0042,2026-09-06,CUST-0010,VIP,South Region,Distributor,PS-0305,Packaged Snack Batch,Food Processing,647,1.68,0,1086.96,726.09,Online Payment,Completed,false,5,BAT-009,Food Processing,647,41,30.63,33.79,338.04,208.7,63.04,55,16,8
MAN-0043,2026-09-07,CUST-0008,New,North Region,Direct Order,PS-0306,Packaged Snack Batch,Food Processing,714,1.65,0,1178.1,637.35,Credit/Debit Card,Completed,false,5,BAT-048,Food Processing,714,50,13.59,6.44,435.9,187.32,102.49,83,21,10
MAN-0044,2026-09-09,CUST-0001,VIP,Metro Area,Direct Order,PS-0107,Cotton Shirt Batch,Garments,128,7.68,126.81,856.23,517.16,Credit/Debit Card,Completed,false,5,BAT-018,Garments,128,1,17.46,15.44,362.19,130.15,56.51,88,10,9
MAN-0045,2026-09-10,CUST-0005,VIP,Metro Area,Export,PS-0108,Cotton Shirt Batch,Garments,80,7.59,55.26,551.94,283.7,Bank Transfer,Completed,true,5,BAT-040,Garments,80,0,15,19.25,170.55,60.16,36.43,43,11,5
MAN-0046,2026-09-12,CUST-0003,VIP,South Region,Direct Order,PS-0100,Cotton Shirt Batch,Garments,60,7.68,64.51,396.29,206.07,Cash,Cancelled,true,,BAT-047,Garments,60,2,36.58,56.38,129.59,58.25,33.29,86,20,5
MAN-0047,2026-09-13,CUST-0003,VIP,South Region,Distributor,PS-0101,Cotton Shirt Batch,Garments,151,7.76,183.97,987.79,550.2,Credit/Debit Card,Completed,true,5,BAT-022,Garments,151,3,9.99,52.33,414.87,126.44,83.96,85,3,15
MAN-0048,2026-09-18,CUST-0001,VIP,South Region,Export,PS-0102,Cotton Shirt Batch,Garments,281,7.75,287.46,1890.29,1051,Cash,Refunded,true,,BAT-002,Garments,281,9,16.79,17.41,795.81,264.64,164.46,60,15,12
MAN-0049,2026-09-25,CUST-0003,VIP,East Region,Distributor,PS-0303,Packaged Snack Batch,Food Processing,525,1.82,143.32,812.18,544.97,Credit/Debit Card,Completed,true,2,BAT-014,Food Processing,525,32,37.83,22.35,262.33,86.09,47.11,70,19,5
MAN-0050,2026-09-28,CUST-0005,VIP,East Region,Distributor,PS-0104,Cotton Shirt Batch,Garments,236,7.67,307.72,1502.4,754.2,Cash,Completed,true,4,BAT-011,Garments,236,1,27.64,53.19,631.01,211.84,180.29,19,14,10
