record_id,transaction_date,customer_id,customer_segment,region,channel,product_service_id,product_service_name,category,quantity,unit_price,discount_amount,revenue,direct_cost,payment_method,status,promotion_flag,customer_rating,service_job_id,service_type,staff_id,booking_date,service_duration_hours,labor_cost,materials_cost,travel_cost,booking_source,repeat_customer_flag,cancellation_flag,subscription_plan
PER-0001,2026-03-09,CUST-0004,VIP,East Region,Online Booking,PS-0200,Laundry Service,Laundry,5,9.66,3.77,44.53,16.74,Mobile Wallet,Completed,false,4,SJB-029,Laundry,STF-001,2026-03-09,1.9,8.73,6.68,1.56,App,true,false,Weekly Plan
PER-0002,2026-03-13,CUST-0007,VIP,East Region,Walk-in,PS-0201,Laundry Service,Laundry,3,8.46,0,25.38,9.24,Online Payment,Completed,false,4,SJB-029,Laundry,STF-004,2026-03-13,3.2,6.37,3.12,1.83,App,true,false,None
PER-0003,2026-03-14,CUST-0003,VIP,East Region,Phone Booking,PS-0302,Garment Tailoring,Tailoring,1,15.57,1.29,14.28,6.28,Credit/Debit Card,Completed,true,4,SJB-016,Tailoring,STF-001,2026-03-14,4,3.48,1.69,1.03,Phone,true,false,Weekly Plan
PER-0004,2026-03-17,CUST-0002,VIP,East Region,Phone Booking,PS-0203,Laundry Service,Laundry,1,8.72,0.95,7.77,2.37,Online Payment,Completed,true,5,SJB-026,Laundry,STF-001,2026-03-17,3,1.57,0.49,0.23,Referral,true,false,Monthly Plan
PER-0005,2026-03-19,CUST-0012,VIP,North Region,Walk-in,PS-0204,Laundry Service,Laundry,1,9.5,0,9.5,3.65,Credit/Debit Card,Completed,false,2,SJB-003,Laundry,STF-006,2026-03-19,0.8,2.48,0.76,0.47,Walk-in,true,false,Weekly Plan
PER-0006,2026-04-02,CUST-0012,VIP,North Region,Online Booking,PS-0105,Home Cleaning Service,Cleaning,1,28.32,3.23,25.09,8.28,Bank Transfer,Completed,true,2,SJB-038,Cleaning,STF-001,2026-04-02,4.9,6.98,2.46,1.56,Phone,true,false,Monthly Plan
PER-0007,2026-04-23,CUST-0006,VIP,North Region,Online Booking,PS-0106,Home Cleaning Service,Cleaning,1,27.71,0,27.71,10.78,Bank Transfer,Completed,false,4,SJB-006,Cleaning,STF-003,2026-04-23,3.6,5.38,2.38,1.33,Walk-in,true,false,None
PER-0008,2026-04-24,CUST-0002,VIP,Metro Area,Walk-in,PS-0107,Home Cleaning Service,Cleaning,1,28.17,0,28.17,11.92,Bank Transfer,Completed,false,4,SJB-027,Cleaning,STF-007,2026-04-24,5.3,5.61,4.23,2,Phone,true,false,Monthly Plan
PER-0009,2026-04-28,CUST-0003,VIP,South Region,Online Booking,PS-0208,Laundry Service,Laundry,2,9.1,0,18.2,8.19,Credit/Debit Card,Completed,false,2,SJB-028,Laundry,STF-007,2026-04-28,1.5,5.33,1.11,1.24,Referral,true,false,Weekly Plan
PER-0010,2026-05-02,CUST-0014,VIP,South Region,Phone Booking,PS-0300,Garment Tailoring,Tailoring,2,13.75,3.96,23.54,9.35,Credit/Debit Card,Cancelled,false,,SJB-028,Tailoring,STF-003,2026-05-02,4.5,4.5,2.47,1.15,Walk-in,true,true,None
PER-0011,2026-05-06,CUST-0007,VIP,North Region,Walk-in,PS-0101,Home Cleaning Service,Cleaning,1,28.22,0,28.22,10.64,Credit/Debit Card,Pending,false,3,SJB-049,Cleaning,STF-005,2026-05-06,1.9,5.28,2.23,2.12,App,true,false,None
PER-0012,2026-05-09,CUST-0012,VIP,South Region,Phone Booking,PS-0202,Laundry Service,Laundry,4,8.57,0,34.28,14.02,Mobile Wallet,Completed,false,5,SJB-041,Laundry,STF-002,2026-05-09,5.9,8.3,4.97,2.02,Walk-in,true,false,Weekly Plan
PER-0013,2026-05-10,CUST-0001,VIP,North Region,Online Booking,PS-0103,Home Cleaning Service,Cleaning,1,27.83,0,27.83,9.88,Cash,Completed,false,4,SJB-005,Cleaning,STF-002,2026-05-10,1.2,6.93,1.89,1.5,Walk-in,true,false,None
PER-0014,2026-05-13,CUST-0003,VIP,Metro Area,Phone Booking,PS-0304,Garment Tailoring,Tailoring,1,15.51,0,15.51,4.82,Bank Transfer,Completed,false,5,SJB-018,Tailoring,STF-005,2026-05-13,2.5,4.19,1.77,1.04,App,true,false,Weekly Plan
PER-0015,2026-05-16,CUST-0001,VIP,Metro Area,Walk-in,PS-0105,Home Cleaning Service,Cleaning,1,28.34,0,28.34,10.85,Mobile Wallet,Completed,false,4,SJB-034,Cleaning,STF-001,2026-05-16,5.4,8.42,4.08,1.16,Referral,true,false,None
PER-0016,2026-05-23,CUST-0001,VIP,North Region,Online Booking,PS-0106,Home Cleaning Service,Cleaning,1,27.82,0,27.82,11.57,Credit/Debit Card,Refunded,false,,SJB-028,Cleaning,STF-001,2026-05-23,1.4,8.29,1.39,0.97,Walk-in,true,false,None
PER-0017,2026-06-06,CUST-0006,VIP,North Region,Online Booking,PS-0107,Home Cleaning Service,Cleaning,1,28.05,0,28.05,12.34,Cash,Completed,false,4,SJB-048,Cleaning,STF-004,2026-06-06,3.1,8.16,3.53,0.98,Referral,true,false,None
PER-0018,2026-06-07,CUST-0004,VIP,South Region,Walk-in,PS-0308,Garment Tailoring,Tailoring,3,14.77,6.56,37.75,11.33,Bank Transfer,Cancelled,true,,SJB-006,Tailoring,STF-005,2026-06-07,3.4,10.65,3.36,1.13,Phone,true,true,None
PER-0019,2026-06-09,CUST-0018,New,Metro Area,Online Booking,PS-0300,Garment Tailoring,Tailoring,1,13.78,0,13.78,5.39,Mobile Wallet,Completed,false,4,SJB-016,Tailoring,STF-007,2026-06-09,4,3.86,1.5,0.88,Phone,false,false,Weekly Plan
PER-0020,2026-06-17,CUST-0006,VIP,North Region,Walk-in,PS-0101,Home Cleaning Service,Cleaning,1,28.07,2.02,26.05,9.9,Cash,Completed,false,2,SJB-024,Cleaning,STF-006,2026-06-17,1.7,6.07,3.83,0.57,Phone,true,false,Weekly Plan
PER-0021,2026-06-19,CUST-0004,VIP,South Region,Phone Booking,PS-0102,Home Cleaning Service,Cleaning,1,28.02,0,28.02,10.73,Bank Transfer,Completed,false,5,SJB-031,Cleaning,STF-004,2026-06-19,3.3,5.77,3.19,1.65,Phone,true,false,Weekly Plan
PER-0022,2026-06-24,CUST-0006,VIP,South Region,Walk-in,PS-0103,Home Cleaning Service,Cleaning,1,28.38,4.71,23.67,10.01,Credit/Debit Card,Completed,true,5,SJB-031,Cleaning,STF-005,2026-06-24,3.1,4.31,1.68,0.64,Phone,true,false,Weekly Plan
PER-0023,2026-06-25,CUST-0005,VIP,South Region,Phone Booking,PS-0104,Home Cleaning Service,Cleaning,1,27.99,4.42,23.57,7.12,Bank Transfer,Completed,true,5,SJB-007,Cleaning,STF-001,2026-06-25,4.3,5.96,2.5,1.74,Walk-in,true,false,Weekly Plan
PER-0024,2026-07-03,CUST-0005,VIP,Metro Area,Online Booking,PS-0105,Home Cleaning Service,Cleaning,1,27.85,4.12,23.73,9.33,Credit/Debit Card,Completed,false,5,SJB-030,Cleaning,STF-002,2026-07-03,1.2,5.24,3.51,0.83,Walk-in,true,false,None
PER-0025,2026-07-04,CUST-0001,VIP,North Region,Online Booking,PS-0106,Home Cleaning Service,Cleaning,1,28.31,4.81,23.5,9.94,Credit/Debit Card,Completed,false,4,SJB-044,Cleaning,STF-003,2026-07-04,1.9,5.88,3.31,0.75,Walk-in,true,false,None
PER-0026,2026-07-08,CUST-0005,VIP,East Region,Online Booking,PS-0107,Home Cleaning Service,Cleaning,1,33.11,0,33.11,10.36,Mobile Wallet,Completed,false,5,SJB-048,Cleaning,STF-007,2026-07-08,3.1,6.09,1.69,0.83,Referral,true,false,None
PER-0027,2026-07-09,CUST-0005,VIP,East Region,Walk-in,PS-0208,Laundry Service,Laundry,2,9.12,2.39,15.85,6.02,Credit/Debit Card,Cancelled,true,,SJB-035,Laundry,STF-003,2026-07-09,5.4,4.64,1.08,0.82,Walk-in,true,true,Monthly Plan
PER-0028,2026-07-11,CUST-0012,VIP,Metro Area,Walk-in,PS-0200,Laundry Service,Laundry,5,8.72,0,43.6,18.66,Bank Transfer,Completed,true,5,SJB-035,Laundry,STF-004,2026-07-11,3.8,11.07,3.79,3.27,Phone,true,false,Monthly Plan
PER-0029,2026-07-18,CUST-0001,VIP,South Region,Online Booking,PS-0101,Home Cleaning Service,Cleaning,1,33.21,0,33.21,11.52,Online Payment,Pending,false,5,SJB-015,Cleaning,STF-004,2026-07-18,4.3,6.58,4.85,1.63,Referral,true,false,None
PER-0030,2026-07-19,CUST-0007,VIP,East Region,Phone Booking,PS-0102,Home Cleaning Service,Cleaning,1,33.2,0,33.2,12.88,Cash,Completed,false,4,SJB-046,Cleaning,STF-002,2026-07-19,5.8,6.41,4.95,2.29,App,true,false,Weekly Plan
PER-0031,2026-07-23,CUST-0003,VIP,South Region,Phone Booking,PS-0203,Laundry Service,Laundry,4,9.27,0,37.08,13.98,Online Payment,Completed,false,5,SJB-032,Laundry,STF-007,2026-07-23,2.2,7.01,3.52,1.78,App,true,false,Weekly Plan
PER-0032,2026-07-24,CUST-0005,VIP,East Region,Walk-in,PS-0104,Home Cleaning Service,Cleaning,1,33.4,6.31,27.09,10.02,Bank Transfer,Pending,true,5,SJB-016,Cleaning,STF-007,2026-07-24,3,8.13,3.96,1.63,Phone,true,false,None
PER-0033,2026-07-26,CUST-0014,VIP,Metro Area,Walk-in,PS-0105,Home Cleaning Service,Cleaning,1,33.51,6.5,27.01,11.26,Credit/Debit Card,Completed,false,3,SJB-028,Cleaning,STF-007,2026-07-26,4.9,7.94,3.7,1.35,Walk-in,true,false,Monthly Plan
PER-0034,2026-08-01,CUST-0002,VIP,East Region,Phone Booking,PS-0106,Home Cleaning Service,Cleaning,1,33.38,0,33.38,13.22,Cash,Completed,false,2,SJB-025,Cleaning,STF-001,2026-08-01,1.2,8.18,4.31,2.27,App,true,false,Monthly Plan
PER-0035,2026-08-06,CUST-0005,VIP,South Region,Phone Booking,PS-0107,Home Cleaning Service,Cleaning,1,32.99,0,32.99,10.85,Credit/Debit Card,Completed,false,4,SJB-010,Cleaning,STF-005,2026-08-06,3.9,7.06,2.67,2.31,Referral,true,false,None
PER-0036,2026-08-12,CUST-0003,VIP,North Region,Phone Booking,PS-0308,Garment Tailoring,Tailoring,2,14.63,0,29.26,12.93,Bank Transfer,Completed,false,5,SJB-008,Tailoring,STF-004,2026-08-12,2.8,8.63,3.45,0.67,Phone,true,false,Monthly Plan
PER-0037,2026-08-13,CUST-0002,VIP,Metro Area,Walk-in,PS-0100,Home Cleaning Service,Cleaning,1,32.73,6.51,26.22,11.64,Online Payment,Completed,true,3,SJB-015,Cleaning,STF-006,2026-08-13,1.5,7.39,2.33,0.87,App,true,false,Monthly Plan
PER-0038,2026-08-14,CUST-0002,VIP,East Region,Phone Booking,PS-0101,Home Cleaning Service,Cleaning,1,32.83,6.2,26.63,12.17,Cash,Completed,true,4,SJB-001,Cleaning,STF-004,2026-08-14,3.2,7.16,2.16,0.64,Walk-in,true,false,Weekly Plan
PER-0039,2026-08-20,CUST-0003,VIP,East Region,Online Booking,PS-0302,Garment Tailoring,Tailoring,2,15.17,1.85,28.49,11.05,Online Payment,Completed,true,3,SJB-018,Tailoring,STF-001,2026-08-20,1.8,6.81,4.27,0.71,App,true,false,None
PER-0040,2026-08-21,CUST-0010,New,Metro Area,Online Booking,PS-0303,Garment Tailoring,Tailoring,2,14.68,0,29.36,9.51,Cash,Completed,false,4,SJB-019,Tailoring,STF-006,2026-08-21,1.4,6.37,1.61,1.06,Referral,false,false,None
PER-0041,2026-08-24,CUST-0014,VIP,South Region,Online Booking,PS-0104,Home Cleaning Service,Cleaning,1,33.02,6.34,26.68,11.21,Bank Transfer,Completed,false,3,SJB-028,Cleaning,STF-006,2026-08-24,2.4,7.76,1.52,1.49,Walk-in,true,true,Monthly Plan
PER-0042,2026-09-03,CUST-0005,VIP,North Region,Online Booking,PS-0105,Home Cleaning Service,Cleaning,1,33.12,4.4,28.72,8.87,Bank Transfer,Completed,false,5,SJB-016,Cleaning,STF-003,2026-09-03,5.2,7.12,4.05,1.75,Walk-in,true,false,None
PER-0043,2026-09-09,CUST-0013,New,North Region,Walk-in,PS-0106,Home Cleaning Service,Cleaning,1,33.12,6.46,26.66,10.16,Mobile Wallet,Completed,true,4,SJB-040,Cleaning,STF-007,2026-09-09,2.1,7.25,3.87,1.17,Walk-in,false,false,Monthly Plan
PER-0044,2026-09-13,CUST-0004,VIP,East Region,Online Booking,PS-0107,Home Cleaning Service,Cleaning,1,33.08,0,33.08,10.85,Online Payment,Completed,false,4,SJB-031,Cleaning,STF-005,2026-09-13,5.6,6.55,4.8,1.19,Referral,true,false,None
PER-0045,2026-09-19,CUST-0005,VIP,North Region,Online Booking,PS-0108,Home Cleaning Service,Cleaning,1,33.23,0,33.23,13.29,Mobile Wallet,Completed,false,4,SJB-034,Cleaning,STF-006,2026-09-19,1.1,7.54,4.85,2.23,Referral,true,false,Monthly Plan
PER-0046,2026-09-22,CUST-0004,VIP,North Region,Phone Booking,PS-0100,Home Cleaning Service,Cleaning,1,33.33,2.83,30.5,12.35,Bank Transfer,Pending,false,4,SJB-028,Cleaning,STF-003,2026-09-22,5.2,7.29,3.2,2.2,Walk-in,true,false,Monthly Plan
PER-0047,2026-09-23,CUST-0008,New,East Region,Online Booking,PS-0101,Home Cleaning Service,Cleaning,1,32.68,0,32.68,13.82,Credit/Debit Card,Completed,false,4,SJB-026,Cleaning,STF-004,2026-09-23,1.9,9.22,3.24,1.67,App,false,false,Monthly Plan
PER-0048,2026-09-24,CUST-0017,New,East Region,Phone Booking,PS-0102,Home Cleaning Service,Cleaning,1,32.88,0,32.88,11.01,Mobile Wallet,Completed,false,4,SJB-008,Cleaning,STF-005,2026-09-24,1.1,8.42,4.93,1.38,Referral,false,false,Weekly Plan
PER-0049,2026-09-26,CUST-0005,VIP,North Region,Online Booking,PS-0103,Home Cleaning Service,Cleaning,1,32.64,0,32.64,13.42,Credit/Debit Card,Completed,false,5,SJB-007,Cleaning,STF-007,2026-09-26,1.4,9.37,3.39,1.53,Referral,true,false,Monthly Plan
PER-0050,2026-09-27,CUST-0005,VIP,East Region,Phone Booking,PS-0104,Home Cleaning Service,Cleaning,1,32.6,0,32.6,13.89,Online Payment,Completed,false,5,SJB-047,Cleaning,STF-007,2026-09-27,0.7,8.38,2.8,0.72,App,true,false,Weekly Plan
