record_id,transaction_date,customer_id,customer_segment,region,channel,product_service_id,product_service_name,category,quantity,unit_price,discount_amount,revenue,direct_cost,payment_method,status,promotion_flag,customer_rating,project_id,service_type,consultant_id,billable_hours,hourly_rate,project_cost,project_start_date,project_end_date,completion_days,client_acquisition_source,repeat_client_flag
PRO-0001,2026-03-05,CUST-0002,VIP,Metro Area,Direct Inquiry,PS-0300,Brand Identity Design,Design Services,7,57.22,0,400.54,130.98,Credit/Debit Card,Completed,false,4,PRJ-019,Design Services,CNS-005,7,57.22,105.34,2026-02-23,2026-03-06,11,LinkedIn,true
PRO-0002,2026-03-08,CUST-0006,VIP,East Region,Online Lead,PS-0201,Contract Review,Legal Support,5,90.89,0,454.45,190.41,Mobile Wallet,Completed,false,5,PRJ-011,Legal Support,CNS-002,5,90.89,165.87,2026-02-28,2026-03-09,9,Repeat Client,true
PRO-0003,2026-03-14,CUST-0002,VIP,East Region,Online Lead,PS-0102,Business Strategy Consulting,Consulting,9,64.23,58.96,519.11,158.85,Credit/Debit Card,Completed,false,4,PRJ-006,Consulting,CNS-004,9,64.23,204.53,2026-03-08,2026-03-17,9,Repeat Client,true
PRO-0004,2026-03-17,CUST-0001,VIP,North Region,Online Lead,PS-0303,Brand Identity Design,Design Services,4,60.05,0,240.2,99.92,Online Payment,Completed,false,5,PRJ-029,Design Services,CNS-001,4,60.05,67.5,2026-03-11,2026-03-20,9,Website,true
PRO-0005,2026-03-20,CUST-0011,VIP,South Region,Online Lead,PS-0104,Business Strategy Consulting,Consulting,6,64.85,37.35,351.75,143.87,Credit/Debit Card,Completed,true,5,PRJ-044,Consulting,CNS-005,6,64.85,117.13,2026-03-19,2026-03-21,2,Repeat Client,true
PRO-0006,2026-04-03,CUST-0002,VIP,North Region,Referral,PS-0305,Brand Identity Design,Design Services,5,57.82,49.44,239.66,90.59,Cash,Completed,true,4,PRJ-016,Design Services,CNS-007,5,57.82,94.43,2026-03-29,2026-04-03,5,LinkedIn,true
PRO-0007,2026-04-09,CUST-0010,VIP,East Region,Referral,PS-0106,Business Strategy Consulting,Consulting,6,65.09,55.07,335.47,135.19,Online Payment,Cancelled,true,,PRJ-047,Consulting,CNS-007,6,65.09,123.12,2026-04-01,2026-04-09,8,Website,true
PRO-0008,2026-04-10,CUST-0006,VIP,South Region,Online Lead,PS-0107,Business Strategy Consulting,Consulting,11,65.75,0,723.25,296.53,Mobile Wallet,Completed,false,4,PRJ-024,Consulting,CNS-005,11,65.75,278.45,2026-04-06,2026-04-12,6,Repeat Client,true
PRO-0009,2026-04-15,CUST-0005,VIP,Metro Area,Online Lead,PS-0108,Business Strategy Consulting,Consulting,7,65.27,32.9,423.99,178.5,Credit/Debit Card,Cancelled,true,,PRJ-024,Consulting,CNS-005,7,65.27,141.19,2026-04-05,2026-04-17,12,LinkedIn,true
PRO-0010,2026-05-03,CUST-0009,VIP,South Region,Online Lead,PS-0100,Business Strategy Consulting,Consulting,6,64.37,0,386.22,149.85,Mobile Wallet,Pending,false,5,PRJ-045,Consulting,CNS-004,6,64.37,113.16,2026-04-23,2026-05-05,12,LinkedIn,true
PRO-0011,2026-05-09,CUST-0009,VIP,North Region,Direct Inquiry,PS-0301,Brand Identity Design,Design Services,10,57.57,52.96,522.74,182.96,Cash,Completed,true,1,PRJ-031,Design Services,CNS-006,10,57.57,134.87,2026-05-07,2026-05-10,3,Referral,true
PRO-0012,2026-05-10,CUST-0014,Returning,Metro Area,Direct Inquiry,PS-0302,Brand Identity Design,Design Services,2,59.39,0,118.78,51.08,Bank Transfer,Completed,true,4,PRJ-033,Design Services,CNS-008,2,59.39,30.65,2026-05-08,2026-05-11,3,Referral,true
PRO-0013,2026-05-14,CUST-0007,Returning,East Region,Referral,PS-0103,Business Strategy Consulting,Consulting,8,64.68,0,517.44,197.14,Cash,Completed,false,3,PRJ-050,Consulting,CNS-007,8,64.68,200.25,2026-05-05,2026-05-15,10,Referral,true
PRO-0014,2026-05-15,CUST-0001,VIP,Metro Area,Direct Inquiry,PS-0104,Business Strategy Consulting,Consulting,4,65.33,0,261.32,81.53,Bank Transfer,Completed,false,4,PRJ-042,Consulting,CNS-006,4,65.33,92.25,2026-05-09,2026-05-15,6,Referral,true
PRO-0015,2026-05-18,CUST-0005,VIP,Metro Area,Online Lead,PS-0105,Business Strategy Consulting,Consulting,12,65.85,41.09,749.11,286.91,Cash,Completed,true,5,PRJ-002,Consulting,CNS-003,12,65.85,222.49,2026-05-09,2026-05-20,11,LinkedIn,true
PRO-0016,2026-05-21,CUST-0004,VIP,Metro Area,Direct Inquiry,PS-0306,Brand Identity Design,Design Services,5,53.68,0,268.4,92.87,Bank Transfer,Completed,false,5,PRJ-025,Design Services,CNS-002,5,53.68,97.7,2026-05-13,2026-05-24,11,Referral,true
PRO-0017,2026-06-05,CUST-0003,Returning,North Region,Direct Inquiry,PS-0307,Brand Identity Design,Design Services,10,54.79,0,547.9,175.33,Mobile Wallet,Cancelled,false,,PRJ-020,Design Services,CNS-008,10,54.79,149.58,2026-05-28,2026-06-08,11,Repeat Client,true
PRO-0018,2026-06-08,CUST-0017,New,North Region,Referral,PS-0108,Business Strategy Consulting,Consulting,10,65.34,0,653.4,228.04,Credit/Debit Card,Completed,false,5,PRJ-004,Consulting,CNS-004,10,65.34,253.52,2026-06-02,2026-06-08,6,Repeat Client,false
PRO-0019,2026-06-11,CUST-0013,Returning,East Region,Online Lead,PS-0300,Brand Identity Design,Design Services,3,55.74,0,167.22,64.21,Mobile Wallet,Completed,false,2,PRJ-034,Design Services,CNS-005,3,55.74,41.97,2026-06-10,2026-06-11,1,LinkedIn,true
PRO-0020,2026-06-13,CUST-0008,New,North Region,Referral,PS-0301,Brand Identity Design,Design Services,5,59.22,22.8,273.3,111.51,Mobile Wallet,Completed,false,5,PRJ-027,Design Services,CNS-004,5,59.22,79.8,2026-06-11,2026-06-13,2,Website,false
PRO-0021,2026-06-16,CUST-0011,VIP,North Region,Direct Inquiry,PS-0302,Brand Identity Design,Design Services,3,52.9,0,158.7,53.96,Mobile Wallet,Completed,false,3,PRJ-025,Design Services,CNS-005,3,52.9,41.74,2026-06-15,2026-06-17,2,Referral,true
PRO-0022,2026-06-17,CUST-0004,VIP,South Region,Direct Inquiry,PS-0203,Contract Review,Legal Support,3,94.75,0,284.25,98.92,Mobile Wallet,Completed,true,4,PRJ-038,Legal Support,CNS-005,3,94.75,80.73,2026-06-15,2026-06-19,4,Repeat Client,true
PRO-0023,2026-06-18,CUST-0004,VIP,North Region,Referral,PS-0104,Business Strategy Consulting,Consulting,2,65.54,0,131.08,56.36,Online Payment,Pending,false,4,PRJ-016,Consulting,CNS-001,2,65.54,52.04,2026-06-11,2026-06-21,10,Repeat Client,true
PRO-0024,2026-06-23,CUST-0013,Returning,North Region,Online Lead,PS-0205,Contract Review,Legal Support,5,90.85,60.87,393.38,136.9,Credit/Debit Card,Completed,false,4,PRJ-005,Legal Support,CNS-001,5,90.85,102.28,2026-06-16,2026-06-23,7,LinkedIn,true
PRO-0025,2026-06-24,CUST-0004,VIP,East Region,Referral,PS-0306,Brand Identity Design,Design Services,2,54.22,0,108.44,41.42,Bank Transfer,Completed,false,4,PRJ-012,Design Services,CNS-003,2,54.22,37.85,2026-06-18,2026-06-25,7,Website,true
PRO-0026,2026-07-06,CUST-0010,VIP,South Region,Online Lead,PS-0307,Brand Identity Design,Design Services,6,54.76,0,328.56,101.2,Cash,Completed,false,5,PRJ-008,Design Services,CNS-005,6,54.76,127.48,2026-07-01,2026-07-08,7,Referral,true
PRO-0027,2026-07-11,CUST-0003,Returning,North Region,Direct Inquiry,PS-0308,Brand Identity Design,Design Services,10,56.03,58.83,501.47,188.05,Bank Transfer,Completed,false,5,PRJ-016,Design Services,CNS-007,10,56.03,149.94,2026-07-02,2026-07-12,10,Repeat Client,true
PRO-0028,2026-07-12,CUST-0005,VIP,East Region,Referral,PS-0300,Brand Identity Design,Design Services,7,51.46,0,360.22,115.63,Credit/Debit Card,Cancelled,false,,PRJ-009,Design Services,CNS-002,7,51.46,132.2,2026-07-03,2026-07-12,9,Repeat Client,true
PRO-0029,2026-07-13,CUST-0002,VIP,South Region,Referral,PS-0101,Business Strategy Consulting,Consulting,10,76.35,83.99,679.51,242.59,Bank Transfer,Completed,false,2,PRJ-018,Consulting,CNS-006,10,76.35,190.26,2026-07-05,2026-07-13,8,Repeat Client,true
PRO-0030,2026-07-15,CUST-0006,VIP,East Region,Direct Inquiry,PS-0302,Brand Identity Design,Design Services,4,55.47,18.86,203.02,82.63,Online Payment,Completed,false,3,PRJ-048,Design Services,CNS-006,4,55.47,65.58,2026-07-08,2026-07-18,10,Repeat Client,true
PRO-0031,2026-07-18,CUST-0006,VIP,North Region,Online Lead,PS-0303,Brand Identity Design,Design Services,9,54.19,48.77,438.94,175.58,Online Payment,Completed,true,5,PRJ-024,Design Services,CNS-008,9,54.19,111.93,2026-07-12,2026-07-18,6,Website,true
PRO-0032,2026-07-23,CUST-0005,VIP,East Region,Online Lead,PS-0204,Contract Review,Legal Support,5,95.76,45.96,432.84,144.14,Cash,Completed,true,4,PRJ-016,Legal Support,CNS-008,5,95.76,138.08,2026-07-13,2026-07-25,12,Website,true
PRO-0033,2026-07-26,CUST-0006,VIP,Metro Area,Referral,PS-0105,Business Strategy Consulting,Consulting,11,77.37,56.17,794.9,317.96,Online Payment,Completed,true,4,PRJ-037,Consulting,CNS-007,11,77.37,316.37,2026-07-20,2026-07-29,9,Referral,true
PRO-0034,2026-08-04,CUST-0009,VIP,Metro Area,Referral,PS-0306,Brand Identity Design,Design Services,9,53.81,0,484.29,149.16,Cash,Completed,false,5,PRJ-020,Design Services,CNS-002,9,53.81,142.87,2026-07-25,2026-08-05,11,Referral,true
PRO-0035,2026-08-06,CUST-0014,Returning,East Region,Referral,PS-0107,Business Strategy Consulting,Consulting,10,76.06,127.02,633.58,271.17,Mobile Wallet,Completed,true,5,PRJ-028,Consulting,CNS-004,10,76.06,189.44,2026-07-27,2026-08-09,13,Repeat Client,true
PRO-0036,2026-08-08,CUST-0002,VIP,East Region,Online Lead,PS-0308,Brand Identity Design,Design Services,3,55.17,0,165.51,71.5,Mobile Wallet,Cancelled,false,,PRJ-013,Design Services,CNS-001,3,55.17,44.03,2026-08-06,2026-08-09,3,Referral,true
PRO-0037,2026-08-13,CUST-0001,VIP,North Region,Direct Inquiry,PS-0200,Contract Review,Legal Support,2,90.92,0,181.84,80.56,Mobile Wallet,Cancelled,false,,PRJ-042,Legal Support,CNS-008,2,90.92,63.46,2026-08-03,2026-08-13,10,Referral,true
PRO-0038,2026-08-16,CUST-0010,VIP,South Region,Direct Inquiry,PS-0101,Business Strategy Consulting,Consulting,2,76.58,0,153.16,58.35,Mobile Wallet,Completed,false,4,PRJ-035,Consulting,CNS-002,2,76.58,44.42,2026-08-12,2026-08-16,4,LinkedIn,true
PRO-0039,2026-08-17,CUST-0002,VIP,South Region,Online Lead,PS-0302,Brand Identity Design,Design Services,2,53,6.36,99.64,34.48,Credit/Debit Card,Completed,false,4,PRJ-005,Design Services,CNS-003,2,53,30.79,2026-08-14,2026-08-17,3,Referral,true
PRO-0040,2026-08-21,CUST-0005,VIP,North Region,Referral,PS-0303,Brand Identity Design,Design Services,5,58.13,0,290.65,97.37,Credit/Debit Card,Pending,false,3,PRJ-043,Design Services,CNS-003,5,58.13,110.16,2026-08-20,2026-08-22,2,Repeat Client,true
PRO-0041,2026-08-24,CUST-0015,New,East Region,Direct Inquiry,PS-0204,Contract Review,Legal Support,1,95.17,16.75,78.42,34.5,Online Payment,Completed,true,1,PRJ-040,Legal Support,CNS-007,1,95.17,22.66,2026-08-20,2026-08-25,5,Referral,false
PRO-0042,2026-09-01,CUST-0006,VIP,Metro Area,Direct Inquiry,PS-0305,Brand Identity Design,Design Services,4,58.52,0,234.08,95.04,Mobile Wallet,Pending,false,5,PRJ-044,Design Services,CNS-005,4,58.52,61.8,2026-08-29,2026-09-02,4,Repeat Client,true
PRO-0043,2026-09-04,CUST-0004,VIP,East Region,Referral,PS-0306,Brand Identity Design,Design Services,6,56.77,0,340.62,143.06,Mobile Wallet,Completed,false,5,PRJ-024,Design Services,CNS-006,6,56.77,117.51,2026-08-30,2026-09-07,8,Repeat Client,true
PRO-0044,2026-09-10,CUST-0005,VIP,South Region,Referral,PS-0107,Business Strategy Consulting,Consulting,9,77.14,0,694.26,236.05,Cash,Completed,false,5,PRJ-009,Consulting,CNS-004,9,77.14,264.51,2026-09-02,2026-09-13,11,Website,true
PRO-0045,2026-09-14,CUST-0010,VIP,East Region,Direct Inquiry,PS-0208,Contract Review,Legal Support,4,95.12,0,380.48,123.28,Mobile Wallet,Completed,false,4,PRJ-037,Legal Support,CNS-004,4,95.12,106.53,2026-09-11,2026-09-15,4,Repeat Client,true
PRO-0046,2026-09-17,CUST-0011,VIP,Metro Area,Direct Inquiry,PS-0300,Brand Identity Design,Design Services,3,53.12,0,159.36,54.18,Credit/Debit Card,Completed,false,4,PRJ-019,Design Services,CNS-007,3,53.12,48.76,2026-09-15,2026-09-20,5,Repeat Client,true
PRO-0047,2026-09-20,CUST-0001,VIP,East Region,Referral,PS-0301,Brand Identity Design,Design Services,5,59.54,0,297.7,122.06,Bank Transfer,Pending,false,4,PRJ-029,Design Services,CNS-007,5,59.54,86.33,2026-09-18,2026-09-20,2,Repeat Client,true
PRO-0048,2026-09-22,CUST-0007,Returning,East Region,Referral,PS-0102,Business Strategy Consulting,Consulting,5,77.43,32.13,355.02,145.91,Cash,Completed,true,3,PRJ-050,Consulting,CNS-001,5,77.43,114.32,2026-09-21,2026-09-25,4,Website,true
PRO-0049,2026-09-23,CUST-0010,VIP,North Region,Referral,PS-0303,Brand Identity Design,Design Services,6,59.25,0,355.5,142.91,Bank Transfer,Completed,false,1,PRJ-017,Design Services,CNS-007,6,59.25,97.05,2026-09-14,2026-09-24,10,Website,true
PRO-0050,2026-09-27,CUST-0002,VIP,South Region,Online Lead,PS-0104,Business Strategy Consulting,Consulting,10,76.22,89.94,672.26,299.16,Bank Transfer,Completed,true,3,PRJ-026,Consulting,CNS-006,10,76.22,186.22,2026-09-26,2026-09-29,3,Repeat Client,true
