record_id,transaction_date,customer_id,customer_segment,region,channel,product_service_id,product_service_name,category,quantity,unit_price,discount_amount,revenue,direct_cost,payment_method,status,promotion_flag,customer_rating,property_id,transaction_or_lease_id,property_type,listing_date,close_date,listing_price,final_price,monthly_rent,occupancy_flag,days_on_market,agent_id,commission_amount,property_area_sqm
REA-0001,2026-03-05,CUST-0015,New,East Region,Direct Listing,PS-0100,Residential Unit Sale,Residential Sale,1,928.27,0,928.27,149.45,Bank Transfer,Cancelled,true,,PRP-030,TXL-009,Townhouse,2026-02-08,2026-03-05,965.4,928.27,891.14,false,25,AGT-006,40.84,111.9
REA-0002,2026-03-13,CUST-0002,VIP,North Region,Direct Listing,PS-0201,Apartment Lease,Rental,1,55.7,0,55.7,8.36,Bank Transfer,Completed,false,4,PRP-008,TXL-026,Commercial Unit,2026-02-21,2026-03-13,57.48,55.7,,true,20,AGT-005,1.67,97.5
REA-0003,2026-03-14,CUST-0004,VIP,East Region,Direct Listing,PS-0202,Apartment Lease,Rental,1,55.67,0,55.67,8.24,Cash,Completed,false,5,PRP-009,TXL-042,Studio,2026-02-04,2026-03-14,59.46,55.67,51.22,true,38,AGT-005,2.73,135.2
REA-0004,2026-03-24,CUST-0012,New,North Region,Online Portal,PS-0203,Apartment Lease,Rental,1,54.91,0,54.91,6.97,Bank Transfer,Completed,true,4,PRP-015,TXL-044,Apartment,2026-02-21,2026-03-24,55.46,54.91,49.42,false,31,AGT-005,2.91,191.2
REA-0005,2026-03-27,CUST-0004,VIP,North Region,Online Portal,PS-0204,Apartment Lease,Rental,1,54.65,3.93,50.72,5.12,Credit/Debit Card,Completed,false,5,PRP-027,TXL-049,Apartment,2026-02-20,2026-03-27,51.28,50.72,51.37,true,35,AGT-001,1.83,49.5
REA-0006,2026-04-02,CUST-0009,Returning,South Region,Online Portal,PS-0205,Apartment Lease,Rental,1,55.43,9.7,45.73,4.76,Credit/Debit Card,Completed,false,3,PRP-020,TXL-003,Apartment,2026-02-19,2026-04-02,46.23,45.73,53.21,false,42,AGT-003,1.92,150.8
REA-0007,2026-04-09,CUST-0004,VIP,South Region,Online Portal,PS-0106,Residential Unit Sale,Residential Sale,1,921.75,0,921.75,129.05,Online Payment,Completed,false,5,PRP-018,TXL-017,Townhouse,2026-03-21,2026-04-09,994.57,921.75,857.23,true,19,AGT-006,52.54,165.6
REA-0008,2026-04-10,CUST-0002,VIP,East Region,Broker Network,PS-0107,Residential Unit Sale,Residential Sale,1,958.86,0,958.86,137.12,Credit/Debit Card,Completed,false,2,PRP-028,TXL-047,Studio,2026-03-13,2026-04-10,1031.73,958.86,872.56,true,28,AGT-005,50.82,159.5
REA-0009,2026-04-28,CUST-0002,VIP,North Region,Online Portal,PS-0208,Apartment Lease,Rental,1,54.32,0,54.32,9.51,Bank Transfer,Completed,false,4,PRP-021,TXL-034,Townhouse,2026-03-30,2026-04-28,57.09,54.32,49.43,true,29,AGT-006,2.88,124.5
REA-0010,2026-05-06,CUST-0004,VIP,East Region,Broker Network,PS-0100,Residential Unit Sale,Residential Sale,1,945.35,176.78,768.57,118.36,Bank Transfer,Completed,true,4,PRP-023,TXL-014,Studio,2026-04-06,2026-05-06,797.01,768.57,850.82,true,30,AGT-004,44.58,161.5
REA-0011,2026-05-07,CUST-0001,VIP,North Region,Online Portal,PS-0201,Apartment Lease,Rental,1,54.94,0,54.94,6.32,Mobile Wallet,Completed,true,5,PRP-004,TXL-049,Apartment,2026-04-08,2026-05-07,57.96,54.94,50.54,true,29,AGT-003,2.97,60.7
REA-0012,2026-05-09,CUST-0005,Returning,North Region,Online Portal,PS-0202,Apartment Lease,Rental,1,55.52,3,52.52,7.62,Online Payment,Completed,true,5,PRP-021,TXL-010,Townhouse,2026-03-28,2026-05-09,53.94,52.52,53.3,true,42,AGT-001,2.63,129.3
REA-0013,2026-05-14,CUST-0011,Returning,East Region,Online Portal,PS-0303,Monthly Management Fee,Property Management,1,39.39,7.44,31.95,4.35,Mobile Wallet,Completed,true,5,PRP-028,TXL-049,Apartment,2026-05-05,2026-05-14,34.09,31.95,39,true,9,AGT-005,1.31,86.4
REA-0014,2026-05-16,CUST-0010,VIP,North Region,Direct Listing,PS-0304,Monthly Management Fee,Property Management,1,42.42,0,42.42,7.59,Mobile Wallet,Refunded,true,,PRP-009,TXL-014,Townhouse,2026-04-16,2026-05-16,43.9,42.42,41.15,false,30,AGT-004,2.16,28.1
REA-0015,2026-05-22,CUST-0002,VIP,North Region,Direct Listing,PS-0105,Residential Unit Sale,Residential Sale,1,982.04,0,982.04,128.65,Mobile Wallet,Completed,false,3,PRP-012,TXL-030,Townhouse,2026-04-26,2026-05-22,1035.07,982.04,942.76,true,26,AGT-004,34.37,79.4
REA-0016,2026-05-28,CUST-0004,VIP,South Region,Broker Network,PS-0106,Residential Unit Sale,Residential Sale,1,921.23,0,921.23,155.69,Cash,Completed,false,4,PRP-019,TXL-014,Commercial Unit,2026-05-20,2026-05-28,956.24,921.23,,false,8,AGT-003,37.77,97.6
REA-0017,2026-06-05,CUST-0001,VIP,East Region,Online Portal,PS-0307,Monthly Management Fee,Property Management,1,38.39,0,38.39,4.07,Bank Transfer,Refunded,false,,PRP-025,TXL-006,Commercial Unit,2026-05-17,2026-06-05,41.15,38.39,,true,19,AGT-006,1.38,167.1
REA-0018,2026-06-11,CUST-0002,VIP,North Region,Online Portal,PS-0308,Monthly Management Fee,Property Management,1,41.03,6.56,34.47,4.58,Mobile Wallet,Pending,false,3,PRP-012,TXL-018,Apartment,2026-05-15,2026-06-11,35.75,34.47,39.39,false,27,AGT-001,1.41,110.8
REA-0019,2026-06-13,CUST-0001,VIP,South Region,Direct Listing,PS-0200,Apartment Lease,Rental,1,55.79,0,55.79,5.47,Cash,Completed,false,4,PRP-009,TXL-046,Townhouse,2026-05-12,2026-06-13,57.85,55.79,54.12,true,32,AGT-006,2.45,71
REA-0020,2026-06-14,CUST-0001,VIP,North Region,Online Portal,PS-0301,Monthly Management Fee,Property Management,1,41.26,0,41.26,5.03,Bank Transfer,Completed,false,3,PRP-009,TXL-042,Apartment,2026-05-22,2026-06-14,42.79,41.26,37.55,true,23,AGT-006,1.77,213.9
REA-0021,2026-06-15,CUST-0004,VIP,East Region,Direct Listing,PS-0202,Apartment Lease,Rental,1,55.29,0,55.29,6.25,Online Payment,Cancelled,false,,PRP-009,TXL-034,Studio,2026-05-16,2026-06-15,59.71,55.29,54.74,true,30,AGT-006,1.66,37.1
REA-0022,2026-06-16,CUST-0016,New,East Region,Broker Network,PS-0203,Apartment Lease,Rental,1,55.32,0,55.32,6.09,Credit/Debit Card,Completed,false,3,PRP-007,TXL-043,Studio,2026-05-09,2026-06-16,59.75,55.32,54.77,true,38,AGT-001,2.82,191.1
REA-0023,2026-06-19,CUST-0011,Returning,East Region,Direct Listing,PS-0304,Monthly Management Fee,Property Management,1,40.46,0,40.46,3.56,Online Payment,Completed,false,3,PRP-015,TXL-017,Townhouse,2026-05-19,2026-06-19,43.58,40.46,38.84,true,31,AGT-001,1.94,192.5
REA-0024,2026-06-21,CUST-0004,VIP,North Region,Direct Listing,PS-0205,Apartment Lease,Rental,1,55.39,0,55.39,7.7,Cash,Completed,false,2,PRP-027,TXL-048,Commercial Unit,2026-05-11,2026-06-21,55.56,55.39,,true,41,AGT-003,2.55,171.2
REA-0025,2026-06-22,CUST-0014,New,Metro Area,Direct Listing,PS-0206,Apartment Lease,Rental,1,55.16,10.92,44.24,3.67,Mobile Wallet,Completed,false,2,PRP-022,TXL-013,Apartment,2026-06-02,2026-06-22,46.63,44.24,51.85,true,20,AGT-001,2.52,207.1
REA-0026,2026-07-02,CUST-0010,VIP,Metro Area,Online Portal,PS-0207,Apartment Lease,Rental,1,65.09,8.66,56.43,5.7,Online Payment,Completed,true,5,PRP-023,TXL-041,Apartment,2026-06-27,2026-07-02,60.61,56.43,64.44,true,5,AGT-006,1.81,217.5
REA-0027,2026-07-04,CUST-0003,VIP,South Region,Online Portal,PS-0208,Apartment Lease,Rental,1,64.73,0,64.73,8.09,Credit/Debit Card,Completed,false,3,PRP-011,TXL-015,Commercial Unit,2026-06-07,2026-07-04,67.19,64.73,,true,27,AGT-003,2.01,174.3
REA-0028,2026-07-08,CUST-0002,VIP,East Region,Direct Listing,PS-0200,Apartment Lease,Rental,1,65.63,0,65.63,5.78,Bank Transfer,Completed,false,3,PRP-020,TXL-032,Commercial Unit,2026-06-17,2026-07-08,69.24,65.63,,true,21,AGT-002,2.76,128
REA-0029,2026-07-16,CUST-0002,VIP,South Region,Broker Network,PS-0101,Residential Unit Sale,Residential Sale,1,987.58,165.91,821.67,124.89,Mobile Wallet,Completed,false,5,PRP-002,TXL-044,Apartment,2026-06-04,2026-07-16,824.96,821.67,977.7,true,42,AGT-004,33.69,216.4
REA-0030,2026-07-19,CUST-0004,VIP,South Region,Direct Listing,PS-0102,Residential Unit Sale,Residential Sale,1,893.62,128.68,764.94,104.8,Cash,Completed,true,5,PRP-025,TXL-041,Apartment,2026-06-19,2026-07-19,802.42,764.94,840,true,30,AGT-006,35.19,215
REA-0031,2026-07-21,CUST-0001,VIP,South Region,Online Portal,PS-0203,Apartment Lease,Rental,1,64.28,0,64.28,10.99,Online Payment,Cancelled,false,,PRP-005,TXL-017,Townhouse,2026-06-29,2026-07-21,65.5,64.28,62.99,true,22,AGT-001,3.79,202.4
REA-0032,2026-07-23,CUST-0001,VIP,East Region,Direct Listing,PS-0104,Residential Unit Sale,Residential Sale,1,949.6,0,949.6,151.94,Bank Transfer,Completed,false,3,PRP-026,TXL-014,Commercial Unit,2026-07-16,2026-07-23,974.29,949.6,,true,7,AGT-002,32.29,160.9
REA-0033,2026-07-27,CUST-0003,VIP,South Region,Online Portal,PS-0205,Apartment Lease,Rental,1,65.28,10.84,54.44,5.06,Online Payment,Completed,true,5,PRP-006,TXL-036,Apartment,2026-07-20,2026-07-27,57.38,54.44,65.28,true,7,AGT-001,2.72,117.8
REA-0034,2026-08-03,CUST-0010,VIP,East Region,Direct Listing,PS-0206,Apartment Lease,Rental,1,64.48,0,64.48,9.35,Cash,Completed,false,4,PRP-014,TXL-044,Studio,2026-06-22,2026-08-03,66.41,64.48,63.19,true,42,AGT-002,3.87,133.4
REA-0035,2026-08-06,CUST-0018,New,South Region,Direct Listing,PS-0107,Residential Unit Sale,Residential Sale,1,905.76,0,905.76,86.05,Cash,Completed,false,3,PRP-003,TXL-018,Townhouse,2026-07-02,2026-08-06,934.74,905.76,869.53,true,35,AGT-006,41.66,85
REA-0036,2026-08-07,CUST-0002,VIP,North Region,Direct Listing,PS-0308,Monthly Management Fee,Property Management,1,36.56,0,36.56,4.13,Cash,Completed,false,5,PRP-010,TXL-040,Studio,2026-07-08,2026-08-07,38.86,36.56,34.37,true,30,AGT-005,1.65,43.2
REA-0037,2026-08-12,CUST-0002,VIP,North Region,Broker Network,PS-0200,Apartment Lease,Rental,1,64.29,10.61,53.68,8.32,Credit/Debit Card,Completed,true,3,PRP-012,TXL-039,Townhouse,2026-08-05,2026-08-12,57.01,53.68,60.43,true,7,AGT-001,1.61,155.6
REA-0038,2026-08-18,CUST-0004,VIP,North Region,Online Portal,PS-0301,Monthly Management Fee,Property Management,1,40.27,7.33,32.94,4.18,Online Payment,Pending,true,4,PRP-029,TXL-030,Commercial Unit,2026-07-24,2026-08-18,35.44,32.94,,false,25,AGT-001,1.22,113.4
REA-0039,2026-08-24,CUST-0002,VIP,East Region,Broker Network,PS-0202,Apartment Lease,Rental,1,64.63,3.75,60.88,8.16,Online Payment,Completed,false,5,PRP-005,TXL-014,Commercial Unit,2026-07-18,2026-08-24,64.84,60.88,,true,37,AGT-006,2.56,209.9
REA-0040,2026-08-25,CUST-0002,VIP,South Region,Online Portal,PS-0303,Monthly Management Fee,Property Management,1,41.53,0,41.53,6.4,Bank Transfer,Completed,false,5,PRP-023,TXL-021,Studio,2026-07-21,2026-08-25,44.6,41.53,40.7,true,35,AGT-003,1.66,118.4
REA-0041,2026-08-27,CUST-0003,VIP,East Region,Broker Network,PS-0204,Apartment Lease,Rental,1,65.08,0,65.08,6.9,Credit/Debit Card,Completed,false,3,PRP-028,TXL-047,Studio,2026-08-16,2026-08-27,68.46,65.08,63.78,true,11,AGT-004,2.86,181.7
REA-0042,2026-09-06,CUST-0009,Returning,East Region,Online Portal,PS-0105,Residential Unit Sale,Residential Sale,1,917.97,0,917.97,120.25,Online Payment,Completed,false,5,PRP-006,TXL-031,Apartment,2026-08-22,2026-09-06,945.51,917.97,853.71,true,15,AGT-005,28.46,105.1
REA-0043,2026-09-07,CUST-0002,VIP,North Region,Online Portal,PS-0206,Apartment Lease,Rental,1,65.85,0,65.85,10.34,Bank Transfer,Completed,false,5,PRP-011,TXL-037,Studio,2026-08-28,2026-09-07,69.34,65.85,59.92,true,10,AGT-004,3.62,31.6
REA-0044,2026-09-10,CUST-0001,VIP,South Region,Broker Network,PS-0207,Apartment Lease,Rental,1,64.09,4.74,59.35,9.79,Cash,Completed,false,3,PRP-014,TXL-001,Townhouse,2026-08-13,2026-09-10,60.83,59.35,61.53,true,28,AGT-005,2.2,81.8
REA-0045,2026-09-12,CUST-0003,VIP,East Region,Broker Network,PS-0208,Apartment Lease,Rental,1,65.48,0,65.48,10.02,Bank Transfer,Completed,false,4,PRP-002,TXL-040,Townhouse,2026-08-22,2026-09-12,67.64,65.48,61.55,false,21,AGT-002,3.27,122.9
REA-0046,2026-09-15,CUST-0007,New,Metro Area,Online Portal,PS-0300,Monthly Management Fee,Property Management,1,40.55,0,40.55,4.87,Cash,Completed,false,4,PRP-015,TXL-030,Commercial Unit,2026-08-31,2026-09-15,43.51,40.55,,true,15,AGT-003,1.26,38.2
REA-0047,2026-09-16,CUST-0004,VIP,Metro Area,Broker Network,PS-0201,Apartment Lease,Rental,1,64.1,0,64.1,9.23,Online Payment,Completed,false,4,PRP-019,TXL-032,Commercial Unit,2026-08-22,2026-09-16,66.15,64.1,,true,25,AGT-003,3.59,125.9
REA-0048,2026-09-22,CUST-0003,VIP,Metro Area,Broker Network,PS-0202,Apartment Lease,Rental,1,64.2,0,64.2,10.53,Bank Transfer,Completed,false,4,PRP-014,TXL-026,Studio,2026-08-27,2026-09-22,65.36,64.2,62.27,false,26,AGT-004,2.57,104.5
REA-0049,2026-09-25,CUST-0005,Returning,South Region,Online Portal,PS-0203,Apartment Lease,Rental,1,65.5,0,65.5,5.57,Credit/Debit Card,Cancelled,false,,PRP-012,TXL-009,Apartment,2026-08-24,2026-09-25,68.12,65.5,59.61,true,32,AGT-003,3.34,119
REA-0050,2026-09-28,CUST-0003,VIP,North Region,Broker Network,PS-0204,Apartment Lease,Rental,1,64.15,0,64.15,9.75,Mobile Wallet,Completed,true,1,PRP-013,TXL-041,Apartment,2026-09-08,2026-09-28,64.98,64.15,64.15,true,20,AGT-006,2.37,195.2
