record_id,transaction_date,customer_id,customer_segment,region,channel,product_service_id,product_service_name,category,quantity,unit_price,discount_amount,revenue,direct_cost,payment_method,status,promotion_flag,customer_rating,repair_job_id,equipment_type,brand,technician_id,diagnosis_category,labor_hours,parts_cost,labor_cost,repair_duration_hours,repeat_repair_flag,warranty_flag,downtime_hours
REP-0001,2026-03-01,CUST-0004,VIP,North Region,Phone Booking,PS-0300,Mobile Phone Repair Job,Mobile Phone Repair,1,26.07,0,26.07,11.63,Bank Transfer,Completed,true,4,RJB-005,Mobile Phone,Unbranded,TEC-001,Wear and Tear,2.5,8.84,5.42,0.7,false,false,6.9
REP-0002,2026-03-07,CUST-0014,Returning,East Region,Walk-in,PS-0301,Mobile Phone Repair Job,Mobile Phone Repair,1,23.64,0,23.64,8.44,Credit/Debit Card,Completed,false,1,RJB-045,Mobile Phone,Unbranded,TEC-006,Hardware Fault,3.9,5.91,3.85,5.8,false,false,10.9
REP-0003,2026-03-10,CUST-0013,Returning,Metro Area,Online Booking,PS-0102,Appliance Repair Job,Appliance Repair,1,31.81,6.08,25.73,12.22,Cash,Completed,false,3,RJB-018,Appliance,Generic,TEC-004,Wear and Tear,5,8.05,5.43,4.1,false,true,3.4
REP-0004,2026-03-19,CUST-0009,Returning,East Region,Walk-in,PS-0103,Appliance Repair Job,Appliance Repair,1,32.31,0,32.31,13.89,Credit/Debit Card,Completed,true,3,RJB-043,Appliance,TechCo,TEC-006,Wear and Tear,1.1,10.53,5.53,2,false,true,18.3
REP-0005,2026-03-20,CUST-0004,VIP,North Region,Walk-in,PS-0304,Mobile Phone Repair Job,Mobile Phone Repair,1,24.69,1.26,23.43,11.43,Online Payment,Completed,false,3,RJB-016,Mobile Phone,HomeBrand,TEC-002,Hardware Fault,2.1,5.79,3.82,3.5,false,false,40.3
REP-0006,2026-04-11,CUST-0001,Returning,North Region,Walk-in,PS-0105,Appliance Repair Job,Appliance Repair,1,31.58,0,31.58,12.03,Bank Transfer,Completed,true,3,RJB-008,Appliance,TechCo,TEC-006,Hardware Fault,4.6,7.33,5.24,5.9,false,false,22
REP-0007,2026-04-22,CUST-0017,Returning,North Region,Phone Booking,PS-0106,Appliance Repair Job,Appliance Repair,1,31.89,5.29,26.6,11.44,Credit/Debit Card,Completed,false,3,RJB-006,Appliance,Unbranded,TEC-005,Wear and Tear,0.5,7.26,4.44,6.2,false,false,27.8
REP-0008,2026-04-23,CUST-0015,New,Metro Area,Phone Booking,PS-0107,Appliance Repair Job,Appliance Repair,1,31.61,3.73,27.88,12.41,Cash,Completed,true,3,RJB-021,Appliance,Generic,TEC-005,Software Issue,5.1,7.22,5.58,7.5,false,true,21
REP-0009,2026-04-27,CUST-0001,Returning,North Region,Online Booking,PS-0108,Appliance Repair Job,Appliance Repair,1,31.96,2.68,29.28,11.33,Credit/Debit Card,Completed,true,4,RJB-019,Appliance,TechCo,TEC-006,Electrical Fault,6,6.59,3.78,1.2,false,true,28.4
REP-0010,2026-05-04,CUST-0004,VIP,Metro Area,Online Booking,PS-0100,Appliance Repair Job,Appliance Repair,1,32.45,3.89,28.56,10.71,Bank Transfer,Completed,false,4,RJB-004,Appliance,Generic,TEC-001,Hardware Fault,0.8,8.91,3.46,4.1,false,false,1.4
REP-0011,2026-05-05,CUST-0018,New,East Region,Walk-in,PS-0201,Computer Repair Job,Computer Repair,1,49.42,6.47,42.95,22.12,Online Payment,Completed,false,3,RJB-038,Computer,Generic,TEC-002,Software Issue,4.1,8.8,8.59,2.7,false,false,1.2
REP-0012,2026-05-15,CUST-0002,VIP,Metro Area,Online Booking,PS-0302,Mobile Phone Repair Job,Mobile Phone Repair,1,24.97,4.02,20.95,9.11,Online Payment,Cancelled,false,,RJB-024,Mobile Phone,Generic,TEC-002,Software Issue,3.3,7.08,4.48,4.2,false,false,7.8
REP-0013,2026-05-16,CUST-0014,Returning,North Region,Phone Booking,PS-0303,Mobile Phone Repair Job,Mobile Phone Repair,1,24.87,0,24.87,10.37,Mobile Wallet,Completed,false,5,RJB-041,Mobile Phone,TechCo,TEC-005,Electrical Fault,1.7,5.82,3.93,2.4,false,false,19.5
REP-0014,2026-05-23,CUST-0003,VIP,South Region,Walk-in,PS-0204,Computer Repair Job,Computer Repair,1,51.7,6.62,45.08,16.95,Cash,Completed,true,5,RJB-030,Computer,TechCo,TEC-004,Wear and Tear,5.3,10.82,7.98,4.7,false,true,29.3
REP-0015,2026-05-24,CUST-0008,Returning,East Region,Phone Booking,PS-0305,Mobile Phone Repair Job,Mobile Phone Repair,1,27.05,0,27.05,10.41,Bank Transfer,Completed,false,5,RJB-007,Mobile Phone,Unbranded,TEC-006,Wear and Tear,0.8,8.2,5.9,6.3,false,false,42.9
REP-0016,2026-05-26,CUST-0011,New,South Region,Online Booking,PS-0106,Appliance Repair Job,Appliance Repair,1,32.23,5.58,26.65,11.67,Mobile Wallet,Cancelled,true,,RJB-020,Appliance,HomeBrand,TEC-004,Software Issue,5,7.25,5.22,2.7,false,false,47.5
REP-0017,2026-06-01,CUST-0007,VIP,North Region,Phone Booking,PS-0307,Mobile Phone Repair Job,Mobile Phone Repair,1,24.8,1.36,23.44,9.61,Credit/Debit Card,Completed,false,5,RJB-014,Mobile Phone,Unbranded,TEC-005,Electrical Fault,5.4,7.76,4.41,7.6,false,false,12.4
REP-0018,2026-06-04,CUST-0012,VIP,East Region,Walk-in,PS-0108,Appliance Repair Job,Appliance Repair,1,31.66,0,31.66,15.42,Credit/Debit Card,Completed,false,1,RJB-044,Appliance,HomeBrand,TEC-006,Electrical Fault,1.7,6.84,4.65,3.4,false,false,20.5
REP-0019,2026-06-09,CUST-0010,VIP,East Region,Phone Booking,PS-0200,Computer Repair Job,Computer Repair,1,45.55,0,45.55,22.37,Credit/Debit Card,Completed,false,3,RJB-012,Computer,Generic,TEC-006,Electrical Fault,3.6,14.35,6.19,2.1,false,false,22.2
REP-0020,2026-06-14,CUST-0005,VIP,Metro Area,Phone Booking,PS-0201,Computer Repair Job,Computer Repair,1,46.09,2.53,43.56,16.47,Credit/Debit Card,Pending,true,4,RJB-014,Computer,TechCo,TEC-001,Software Issue,3.1,12.72,9.15,7.5,false,false,45.6
REP-0021,2026-06-21,CUST-0010,VIP,East Region,Walk-in,PS-0202,Computer Repair Job,Computer Repair,1,47.56,0,47.56,19.69,Cash,Completed,false,2,RJB-004,Computer,Unbranded,TEC-003,Wear and Tear,4.5,15.89,10.37,4.7,false,false,47.6
REP-0022,2026-06-26,CUST-0005,VIP,Metro Area,Walk-in,PS-0203,Computer Repair Job,Computer Repair,1,50.72,0,50.72,23.08,Credit/Debit Card,Completed,true,4,RJB-032,Computer,Unbranded,TEC-003,Electrical Fault,0.7,12.93,10.25,7.2,false,false,38
REP-0023,2026-06-27,CUST-0010,VIP,East Region,Phone Booking,PS-0304,Mobile Phone Repair Job,Mobile Phone Repair,1,27.54,0,27.54,13.25,Online Payment,Cancelled,false,,RJB-035,Mobile Phone,Unbranded,TEC-005,Software Issue,5.7,7.93,4.85,1,false,false,21
REP-0024,2026-07-03,CUST-0004,VIP,North Region,Walk-in,PS-0205,Computer Repair Job,Computer Repair,1,46.92,7.13,39.79,16.99,Online Payment,Completed,false,5,RJB-044,Computer,Generic,TEC-001,Electrical Fault,1.8,8.87,6.29,1.4,false,false,3.2
REP-0025,2026-07-04,CUST-0012,VIP,South Region,Online Booking,PS-0106,Appliance Repair Job,Appliance Repair,1,32.19,0,32.19,13.97,Mobile Wallet,Completed,false,4,RJB-037,Appliance,TechCo,TEC-005,Wear and Tear,4.1,9.17,6.92,7.3,true,false,20.7
REP-0026,2026-07-05,CUST-0004,VIP,South Region,Walk-in,PS-0307,Mobile Phone Repair Job,Mobile Phone Repair,1,23.68,0,23.68,11.03,Cash,Completed,false,4,RJB-039,Mobile Phone,Unbranded,TEC-006,Software Issue,1.3,6.32,4.12,3.2,false,true,33.1
REP-0027,2026-07-08,CUST-0005,VIP,East Region,Online Booking,PS-0108,Appliance Repair Job,Appliance Repair,1,37.36,6.05,31.31,14.28,Bank Transfer,Pending,true,4,RJB-039,Appliance,Generic,TEC-004,Electrical Fault,5.4,10.36,6.36,6.6,false,false,3.9
REP-0028,2026-07-11,CUST-0003,VIP,Metro Area,Phone Booking,PS-0200,Computer Repair Job,Computer Repair,1,46.91,0,46.91,22.61,Mobile Wallet,Completed,false,5,RJB-033,Computer,HomeBrand,TEC-003,Electrical Fault,1.8,10.23,7.27,4.7,false,true,33.6
REP-0029,2026-07-12,CUST-0004,VIP,South Region,Online Booking,PS-0101,Appliance Repair Job,Appliance Repair,1,37.49,0,37.49,15.18,Bank Transfer,Completed,false,4,RJB-001,Appliance,Unbranded,TEC-005,Electrical Fault,4.1,12.67,7.91,0.7,false,false,25.7
REP-0030,2026-07-15,CUST-0006,Returning,North Region,Phone Booking,PS-0102,Appliance Repair Job,Appliance Repair,1,37.5,0,37.5,16.8,Mobile Wallet,Completed,false,3,RJB-019,Appliance,Generic,TEC-003,Electrical Fault,3.1,9.68,6.75,6.7,false,false,45.5
REP-0031,2026-07-22,CUST-0008,Returning,North Region,Phone Booking,PS-0303,Mobile Phone Repair Job,Mobile Phone Repair,1,23.86,1.65,22.21,10.15,Credit/Debit Card,Completed,true,3,RJB-032,Mobile Phone,TechCo,TEC-006,Software Issue,3.5,6.46,3.71,1.2,false,false,8.6
REP-0032,2026-07-24,CUST-0010,VIP,North Region,Walk-in,PS-0104,Appliance Repair Job,Appliance Repair,1,37.43,4.08,33.35,14.04,Cash,Completed,true,3,RJB-003,Appliance,Generic,TEC-005,Electrical Fault,3.1,8.6,5.27,6.1,false,false,18
REP-0033,2026-07-25,CUST-0002,VIP,Metro Area,Phone Booking,PS-0305,Mobile Phone Repair Job,Mobile Phone Repair,1,23.9,0,23.9,9.99,Cash,Refunded,false,,RJB-023,Mobile Phone,HomeBrand,TEC-001,Wear and Tear,3.1,5.59,3.58,0.6,false,false,22
REP-0034,2026-08-02,CUST-0004,VIP,North Region,Phone Booking,PS-0106,Appliance Repair Job,Appliance Repair,1,37.68,3.01,34.67,13.38,Mobile Wallet,Completed,true,4,RJB-030,Appliance,HomeBrand,TEC-006,Wear and Tear,3.7,7.8,4.37,4.2,false,false,35.7
REP-0035,2026-08-03,CUST-0004,VIP,South Region,Phone Booking,PS-0107,Appliance Repair Job,Appliance Repair,1,37.5,5.55,31.95,14.44,Credit/Debit Card,Completed,true,3,RJB-039,Appliance,Generic,TEC-004,Electrical Fault,0.7,9.27,6.84,7.9,true,false,19.5
REP-0036,2026-08-04,CUST-0007,VIP,Metro Area,Online Booking,PS-0108,Appliance Repair Job,Appliance Repair,1,37.66,5.69,31.97,14.64,Cash,Completed,true,4,RJB-035,Appliance,Generic,TEC-001,Electrical Fault,3.8,9.75,5.72,3,false,false,33.7
REP-0037,2026-08-10,CUST-0006,Returning,South Region,Online Booking,PS-0100,Appliance Repair Job,Appliance Repair,1,37.31,0,37.31,16.9,Cash,Completed,false,4,RJB-018,Appliance,TechCo,TEC-004,Electrical Fault,2.6,9.89,7.31,4.4,true,false,30
REP-0038,2026-08-11,CUST-0002,VIP,South Region,Online Booking,PS-0201,Computer Repair Job,Computer Repair,1,46.38,5.01,41.37,19.07,Credit/Debit Card,Completed,true,3,RJB-028,Computer,TechCo,TEC-004,Electrical Fault,3.7,12.41,6.91,4.8,false,false,28.7
REP-0039,2026-08-15,CUST-0004,VIP,East Region,Phone Booking,PS-0202,Computer Repair Job,Computer Repair,1,48.84,0,48.84,23.83,Online Payment,Completed,false,4,RJB-038,Computer,TechCo,TEC-005,Hardware Fault,2.1,13.48,10.06,5.8,false,false,44.6
REP-0040,2026-08-25,CUST-0002,VIP,North Region,Walk-in,PS-0103,Appliance Repair Job,Appliance Repair,1,37.66,3.5,34.16,14.14,Online Payment,Completed,true,4,RJB-038,Appliance,TechCo,TEC-002,Electrical Fault,3.2,11.51,6.66,1.3,false,false,6.6
REP-0041,2026-08-26,CUST-0009,Returning,North Region,Walk-in,PS-0304,Mobile Phone Repair Job,Mobile Phone Repair,1,24.41,0,24.41,9.28,Credit/Debit Card,Completed,false,4,RJB-018,Mobile Phone,Unbranded,TEC-005,Wear and Tear,5.2,7.81,4.17,7.5,false,true,9.3
REP-0042,2026-09-03,CUST-0010,VIP,East Region,Online Booking,PS-0305,Mobile Phone Repair Job,Mobile Phone Repair,1,26.18,1.34,24.84,8.87,Mobile Wallet,Completed,false,4,RJB-026,Mobile Phone,Generic,TEC-002,Hardware Fault,3.9,7.85,3.28,4.6,false,false,23.9
REP-0043,2026-09-04,CUST-0004,VIP,North Region,Phone Booking,PS-0106,Appliance Repair Job,Appliance Repair,1,37.67,6.93,30.74,12.17,Mobile Wallet,Completed,true,3,RJB-034,Appliance,Unbranded,TEC-001,Software Issue,4.9,6.67,6.73,6,false,false,25.7
REP-0044,2026-09-05,CUST-0005,VIP,Metro Area,Phone Booking,PS-0207,Computer Repair Job,Computer Repair,1,47.11,6.88,40.23,16.33,Online Payment,Completed,false,5,RJB-010,Computer,TechCo,TEC-004,Wear and Tear,3.8,8.13,7.6,4.3,true,false,37.1
REP-0045,2026-09-06,CUST-0012,VIP,East Region,Walk-in,PS-0108,Appliance Repair Job,Appliance Repair,1,37.7,7.5,30.2,14.41,Mobile Wallet,Cancelled,false,,RJB-036,Appliance,TechCo,TEC-006,Electrical Fault,1.1,6.19,5.92,1.2,false,false,18.7
REP-0046,2026-09-11,CUST-0003,VIP,Metro Area,Phone Booking,PS-0200,Computer Repair Job,Computer Repair,1,48.02,0,48.02,19.11,Mobile Wallet,Completed,false,1,RJB-021,Computer,Unbranded,TEC-003,Wear and Tear,1,11.86,6.1,4.1,false,true,26.4
REP-0047,2026-09-16,CUST-0005,VIP,North Region,Walk-in,PS-0101,Appliance Repair Job,Appliance Repair,1,37.65,3.05,34.6,13.87,Mobile Wallet,Completed,false,4,RJB-043,Appliance,TechCo,TEC-004,Wear and Tear,3.9,7.27,5.61,5.5,false,false,18.4
REP-0048,2026-09-19,CUST-0013,Returning,South Region,Phone Booking,PS-0102,Appliance Repair Job,Appliance Repair,1,37.28,0,37.28,13.53,Bank Transfer,Pending,false,3,RJB-036,Appliance,Unbranded,TEC-005,Wear and Tear,4.3,8.65,7.01,3.1,false,true,39.3
REP-0049,2026-09-25,CUST-0017,Returning,East Region,Online Booking,PS-0203,Computer Repair Job,Computer Repair,1,51.96,0,51.96,22.03,Bank Transfer,Completed,false,4,RJB-011,Computer,TechCo,TEC-004,Hardware Fault,1.4,13.61,9.2,1.4,false,false,22.7
REP-0050,2026-09-28,CUST-0007,VIP,North Region,Online Booking,PS-0104,Appliance Repair Job,Appliance Repair,1,37.71,0,37.71,14.82,Online Payment,Cancelled,false,,RJB-044,Appliance,Generic,TEC-002,Wear and Tear,2.9,13.05,4.71,1.7,false,false,1.9
