record_id,transaction_date,customer_id,customer_segment,region,channel,product_service_id,product_service_name,category,quantity,unit_price,discount_amount,revenue,direct_cost,payment_method,status,promotion_flag,customer_rating,trip_or_delivery_id,vehicle_id,service_type,distance_km,fuel_liters,fuel_cost,driver_hours,delivery_time_minutes,on_time_flag,load_weight_kg,vehicle_maintenance_cost,failed_delivery_flag
TRA-0001,2026-03-01,CUST-0002,VIP,Metro Area,On-demand Booking,PS-0100,Parcel Delivery,Courier Delivery,1,6.48,1.06,5.42,2.65,Credit/Debit Card,Completed,true,5,TRP-003,VEH-009,Courier Delivery,243.5,12.4,1.3,2.7,157,true,3728.8,0.22,false
TRA-0002,2026-03-06,CUST-0001,VIP,North Region,Corporate Account,PS-0301,Daily Vehicle Rental,Vehicle Rental,2,34.11,10.57,57.65,25.77,Bank Transfer,Completed,true,5,TRP-002,VEH-006,Vehicle Rental,370.6,8.8,12.39,6.2,60,true,2613,3.75,false
TRA-0003,2026-03-20,CUST-0007,New,South Region,Contract Route,PS-0102,Parcel Delivery,Courier Delivery,5,6.55,0,32.75,16.18,Mobile Wallet,Completed,false,4,TRP-028,VEH-002,Courier Delivery,196.5,37.4,6.09,4.4,191,true,1922.3,1.28,false
TRA-0004,2026-04-01,CUST-0003,VIP,East Region,Contract Route,PS-0303,Daily Vehicle Rental,Vehicle Rental,3,33.56,0,100.68,55.17,Credit/Debit Card,Refunded,true,,TRP-032,VEH-004,Vehicle Rental,301.5,51.2,22.45,9.1,78,true,1162.4,7.05,false
TRA-0005,2026-04-03,CUST-0004,VIP,Metro Area,Contract Route,PS-0204,Freight Run,Freight Trucking,1,184.16,30.75,153.41,74.86,Bank Transfer,Completed,true,4,TRP-008,VEH-002,Freight Trucking,331.6,56.7,27,3.7,257,true,484.5,12.12,false
TRA-0006,2026-04-08,CUST-0005,VIP,Metro Area,On-demand Booking,PS-0105,Parcel Delivery,Courier Delivery,2,6.51,0,13.02,5.83,Online Payment,Completed,true,3,TRP-047,VEH-002,Courier Delivery,393.7,40.5,3.72,4.2,260,true,2860.8,0.47,false
TRA-0007,2026-04-18,CUST-0004,VIP,North Region,Corporate Account,PS-0106,Parcel Delivery,Courier Delivery,7,6.5,5.41,40.09,22.89,Cash,Completed,false,3,TRP-005,VEH-001,Courier Delivery,165.2,39.4,10.98,8,88,true,266.9,2.65,false
TRA-0008,2026-04-26,CUST-0004,VIP,South Region,Contract Route,PS-0307,Daily Vehicle Rental,Vehicle Rental,2,34.49,11.17,57.81,30.75,Mobile Wallet,Completed,true,5,TRP-008,VEH-007,Vehicle Rental,195.7,21.8,15.49,6.3,68,true,2708,5.67,false
TRA-0009,2026-04-27,CUST-0005,VIP,South Region,On-demand Booking,PS-0108,Parcel Delivery,Courier Delivery,7,6.58,0,46.06,20.4,Cash,Completed,false,5,TRP-048,VEH-009,Courier Delivery,202,5.3,10.18,8.5,185,true,369.6,2.53,false
TRA-0010,2026-05-02,CUST-0002,VIP,South Region,Corporate Account,PS-0300,Daily Vehicle Rental,Vehicle Rental,1,37.07,0,37.07,19.24,Mobile Wallet,Completed,false,3,TRP-006,VEH-003,Vehicle Rental,36.8,15.4,8.49,4.2,49,true,1462.3,2.71,false
TRA-0011,2026-05-08,CUST-0003,VIP,East Region,Contract Route,PS-0101,Parcel Delivery,Courier Delivery,3,6.51,0,19.53,10.47,Bank Transfer,Completed,false,5,TRP-024,VEH-003,Courier Delivery,111.8,10.1,4.18,1.7,152,true,1345.6,0.64,false
TRA-0012,2026-05-09,CUST-0018,Returning,Metro Area,Contract Route,PS-0102,Parcel Delivery,Courier Delivery,4,6.5,0,26,14.98,Bank Transfer,Completed,false,3,TRP-050,VEH-001,Courier Delivery,194.8,19.4,5.41,0.9,26,true,1962,1.9,false
TRA-0013,2026-05-13,CUST-0002,VIP,South Region,On-demand Booking,PS-0103,Parcel Delivery,Courier Delivery,2,6.4,2.28,10.52,5.18,Online Payment,Cancelled,false,,TRP-025,VEH-005,Courier Delivery,358.8,19.9,2.88,0.7,68,true,1946,0.8,true
TRA-0014,2026-05-15,CUST-0017,New,East Region,On-demand Booking,PS-0104,Parcel Delivery,Courier Delivery,1,6.44,1.26,5.18,2.44,Online Payment,Completed,true,5,TRP-004,VEH-001,Courier Delivery,92.1,44.8,1.22,1,156,false,60.4,0.23,false
TRA-0015,2026-05-26,CUST-0008,VIP,Metro Area,Corporate Account,PS-0105,Parcel Delivery,Courier Delivery,7,6.55,5.04,40.81,16.81,Credit/Debit Card,Completed,false,4,TRP-023,VEH-010,Courier Delivery,290.3,35.3,9.75,6.3,74,true,639.9,1.8,false
TRA-0016,2026-05-28,CUST-0016,Returning,Metro Area,On-demand Booking,PS-0106,Parcel Delivery,Courier Delivery,2,6.55,1.22,11.88,6.38,Mobile Wallet,Completed,true,4,TRP-028,VEH-003,Courier Delivery,173.4,5.9,2.74,6,166,false,3605.8,0.84,false
TRA-0017,2026-06-01,CUST-0002,VIP,North Region,Contract Route,PS-0107,Parcel Delivery,Courier Delivery,2,6.45,0,12.9,6.68,Mobile Wallet,Completed,false,4,TRP-047,VEH-009,Courier Delivery,393.3,6,3.38,4.5,241,true,3418.2,0.59,false
TRA-0018,2026-06-06,CUST-0009,VIP,North Region,Contract Route,PS-0108,Parcel Delivery,Courier Delivery,5,6.58,0,32.9,16.58,Bank Transfer,Cancelled,false,,TRP-025,VEH-006,Courier Delivery,183.2,8.7,9.41,5.6,212,true,2757.4,1.71,true
TRA-0019,2026-06-09,CUST-0003,VIP,East Region,Contract Route,PS-0100,Parcel Delivery,Courier Delivery,1,6.55,0,6.55,3.51,Credit/Debit Card,Completed,false,4,TRP-045,VEH-009,Courier Delivery,416.7,10.2,1.81,4.7,146,true,3975.5,0.47,false
TRA-0020,2026-06-10,CUST-0015,New,Metro Area,Corporate Account,PS-0101,Parcel Delivery,Courier Delivery,5,6.48,0,32.4,14.42,Bank Transfer,Cancelled,false,,TRP-013,VEH-002,Courier Delivery,85.3,37.3,7.19,5.3,210,false,3526.7,1.1,true
TRA-0021,2026-06-13,CUST-0009,VIP,Metro Area,On-demand Booking,PS-0202,Freight Run,Freight Trucking,1,172.39,0,172.39,70.34,Mobile Wallet,Completed,false,5,TRP-010,VEH-006,Freight Trucking,156.6,14.2,33.96,3.9,67,true,2167.4,8.96,false
TRA-0022,2026-06-15,CUST-0009,VIP,South Region,Contract Route,PS-0203,Freight Run,Freight Trucking,1,194.04,16.3,177.74,85.85,Bank Transfer,Completed,false,5,TRP-022,VEH-004,Freight Trucking,394.6,36.3,44.79,4.2,150,true,364.3,13.15,false
TRA-0023,2026-06-23,CUST-0004,VIP,North Region,Corporate Account,PS-0104,Parcel Delivery,Courier Delivery,5,6.52,0,32.6,16.23,Cash,Completed,false,4,TRP-006,VEH-008,Courier Delivery,85.6,25.1,7.2,9.8,77,false,1457.6,2.12,false
TRA-0024,2026-07-01,CUST-0005,VIP,South Region,Contract Route,PS-0105,Parcel Delivery,Courier Delivery,7,6.59,0,46.13,23.2,Cash,Completed,false,3,TRP-007,VEH-003,Courier Delivery,30.7,43.1,10.29,2,213,true,829.1,3.92,false
TRA-0025,2026-07-04,CUST-0014,Returning,South Region,On-demand Booking,PS-0106,Parcel Delivery,Courier Delivery,6,6.53,0,39.18,19.16,Bank Transfer,Completed,false,5,TRP-031,VEH-010,Courier Delivery,188.4,42.8,7.37,3.5,227,true,753.8,2.98,false
TRA-0026,2026-07-07,CUST-0003,VIP,Metro Area,Corporate Account,PS-0107,Parcel Delivery,Courier Delivery,2,7.78,0,15.56,8.11,Bank Transfer,Completed,false,4,TRP-024,VEH-001,Courier Delivery,153.5,21,3.78,3.7,41,true,2288.6,0.7,false
TRA-0027,2026-07-11,CUST-0004,VIP,North Region,Contract Route,PS-0108,Parcel Delivery,Courier Delivery,4,7.74,0,30.96,17.89,Bank Transfer,Completed,false,4,TRP-036,VEH-010,Courier Delivery,187.6,3.8,5.54,1.2,30,true,2161.1,3,false
TRA-0028,2026-07-13,CUST-0003,VIP,North Region,Corporate Account,PS-0200,Freight Run,Freight Trucking,1,183.9,0,183.9,98.75,Mobile Wallet,Completed,false,2,TRP-039,VEH-005,Freight Trucking,404.6,14.7,30.53,1.8,86,true,2546.1,9.01,false
TRA-0029,2026-07-15,CUST-0006,Returning,Metro Area,Contract Route,PS-0201,Freight Run,Freight Trucking,1,183.88,33.28,150.6,68.97,Credit/Debit Card,Pending,false,2,TRP-034,VEH-009,Freight Trucking,198.8,49.7,24.7,3.7,153,true,452.8,7.23,false
TRA-0030,2026-07-18,CUST-0014,Returning,South Region,Contract Route,PS-0102,Parcel Delivery,Courier Delivery,4,7.77,5.44,25.64,14.49,Bank Transfer,Cancelled,false,,TRP-029,VEH-010,Courier Delivery,232.8,59.9,7.41,0.7,224,true,400.6,1.56,true
TRA-0031,2026-07-19,CUST-0002,VIP,Metro Area,Contract Route,PS-0203,Freight Run,Freight Trucking,1,168.92,0,168.92,88.85,Online Payment,Completed,false,3,TRP-028,VEH-009,Freight Trucking,215.9,56.2,50.17,2.5,129,true,1067.9,10.3,false
TRA-0032,2026-07-23,CUST-0004,VIP,South Region,Corporate Account,PS-0104,Parcel Delivery,Courier Delivery,6,7.66,3.81,42.15,17.53,Bank Transfer,Completed,true,5,TRP-004,VEH-010,Courier Delivery,101.8,8.4,11.04,5.3,221,false,3707.5,3.41,false
TRA-0033,2026-07-26,CUST-0005,VIP,South Region,Contract Route,PS-0105,Parcel Delivery,Courier Delivery,3,7.61,0,22.83,11.71,Online Payment,Completed,false,4,TRP-008,VEH-001,Courier Delivery,22.7,2.3,4.36,6.9,242,false,784.8,1,false
TRA-0034,2026-08-02,CUST-0002,VIP,Metro Area,Corporate Account,PS-0106,Parcel Delivery,Courier Delivery,6,7.6,0,45.6,21.2,Credit/Debit Card,Completed,false,4,TRP-025,VEH-008,Courier Delivery,62.9,9.5,12.72,2.9,297,true,637.9,2.74,false
TRA-0035,2026-08-04,CUST-0004,VIP,South Region,Contract Route,PS-0107,Parcel Delivery,Courier Delivery,3,7.67,0,23.01,9.3,Bank Transfer,Completed,false,3,TRP-039,VEH-002,Courier Delivery,310.4,16.3,5.36,4.5,29,true,1104.3,2.07,true
TRA-0036,2026-08-07,CUST-0018,Returning,North Region,On-demand Booking,PS-0108,Parcel Delivery,Courier Delivery,1,7.76,1.2,6.56,2.93,Credit/Debit Card,Completed,true,3,TRP-041,VEH-009,Courier Delivery,99.9,50.5,1.3,9.2,203,true,804.9,0.26,false
TRA-0037,2026-08-13,CUST-0004,VIP,Metro Area,Contract Route,PS-0100,Parcel Delivery,Courier Delivery,5,7.59,2.96,34.99,15.61,Online Payment,Refunded,true,,TRP-041,VEH-005,Courier Delivery,413.4,51.8,5.6,7.1,91,false,663.2,3.43,false
TRA-0038,2026-08-17,CUST-0001,VIP,North Region,On-demand Booking,PS-0201,Freight Run,Freight Trucking,1,182.58,0,182.58,80.7,Bank Transfer,Completed,false,5,TRP-038,VEH-001,Freight Trucking,368.5,35,29.94,9.9,127,true,2336.2,14.97,false
TRA-0039,2026-08-21,CUST-0016,Returning,Metro Area,Contract Route,PS-0102,Parcel Delivery,Courier Delivery,7,7.72,0,54.04,23.18,Mobile Wallet,Completed,false,3,TRP-031,VEH-009,Courier Delivery,69.9,46.8,8.97,4.8,17,true,1499.1,2.65,false
TRA-0040,2026-08-22,CUST-0008,VIP,Metro Area,Contract Route,PS-0103,Parcel Delivery,Courier Delivery,7,7.64,0,53.48,27.22,Bank Transfer,Cancelled,false,,TRP-013,VEH-002,Courier Delivery,291,20,11.23,1.1,196,true,2887.9,4.81,false
TRA-0041,2026-08-24,CUST-0008,VIP,North Region,Corporate Account,PS-0304,Daily Vehicle Rental,Vehicle Rental,2,35.34,4.52,66.16,29.51,Credit/Debit Card,Completed,true,3,TRP-040,VEH-002,Vehicle Rental,124.1,43.7,14.89,5.7,238,true,108.7,3.31,false
TRA-0042,2026-09-08,CUST-0002,VIP,North Region,Corporate Account,PS-0305,Daily Vehicle Rental,Vehicle Rental,2,33.69,0,67.38,29.31,Credit/Debit Card,Completed,false,5,TRP-025,VEH-009,Vehicle Rental,319.9,23.9,10.78,8,45,true,2521.4,3.71,false
TRA-0043,2026-09-12,CUST-0002,VIP,South Region,Corporate Account,PS-0106,Parcel Delivery,Courier Delivery,8,7.77,0,62.16,28.66,Credit/Debit Card,Completed,false,1,TRP-012,VEH-007,Courier Delivery,283.9,15.4,12.43,4.1,202,true,2278.4,4.29,false
TRA-0044,2026-09-14,CUST-0003,VIP,Metro Area,Contract Route,PS-0107,Parcel Delivery,Courier Delivery,1,7.56,0,7.56,3.84,Credit/Debit Card,Completed,false,5,TRP-047,VEH-001,Courier Delivery,336.3,16.6,1.75,6.5,136,true,305.8,0.59,false
TRA-0045,2026-09-16,CUST-0006,Returning,Metro Area,Contract Route,PS-0208,Freight Run,Freight Trucking,1,174.37,0,174.37,70.1,Cash,Completed,false,5,TRP-010,VEH-005,Freight Trucking,248.1,26.5,44.46,5,189,true,2587.7,15.17,false
TRA-0046,2026-09-17,CUST-0003,VIP,Metro Area,On-demand Booking,PS-0100,Parcel Delivery,Courier Delivery,2,7.78,2.85,12.71,5.49,Cash,Completed,true,4,TRP-042,VEH-006,Courier Delivery,42.1,55.4,3.44,5.7,239,true,2784.4,1.04,false
TRA-0047,2026-09-19,CUST-0001,VIP,East Region,Contract Route,PS-0201,Freight Run,Freight Trucking,1,166.63,0,166.63,91.81,Credit/Debit Card,Cancelled,false,,TRP-026,VEH-004,Freight Trucking,303.2,22.3,30.16,4.2,204,false,3893.5,7.83,false
TRA-0048,2026-09-24,CUST-0003,VIP,East Region,Contract Route,PS-0202,Freight Run,Freight Trucking,1,183.72,0,183.72,84.14,Cash,Pending,true,4,TRP-007,VEH-006,Freight Trucking,281.1,36.7,31.6,3.3,154,true,1175.4,17.09,false
TRA-0049,2026-09-27,CUST-0002,VIP,East Region,Corporate Account,PS-0103,Parcel Delivery,Courier Delivery,3,7.68,0,23.04,12.23,Mobile Wallet,Completed,false,3,TRP-038,VEH-007,Courier Delivery,397.9,47.4,5.74,8.4,285,true,542.2,1.18,false
TRA-0050,2026-09-28,CUST-0003,VIP,Metro Area,On-demand Booking,PS-0204,Freight Run,Freight Trucking,1,169.49,30,139.49,79.37,Credit/Debit Card,Completed,false,5,TRP-038,VEH-005,Freight Trucking,167.3,26.2,40.17,6.8,116,true,1902.8,6,false
