record_id,transaction_date,customer_id,customer_segment,region,channel,product_service_id,product_service_name,category,quantity,unit_price,discount_amount,revenue,direct_cost,payment_method,status,promotion_flag,customer_rating,sales_order_id,sku,supplier_id,warehouse_id,units_ordered,units_delivered,inventory_level,reorder_level,purchase_cost,shipping_cost,lead_time_days,stockout_flag,return_flag
WHO-0001,2026-03-15,CUST-0016,VIP,South Region,Online B2B Portal,PS-0200,Hardware Supplies Lot,Hardware Supplies,329,5.21,0,1714.09,1100.45,Mobile Wallet,Completed,false,4,SO-040,SKU-037,SUP-001,WH-004,329,321,4379,256,1093.59,140.56,17,false,false
WHO-0002,2026-03-19,CUST-0002,VIP,Metro Area,Online B2B Portal,PS-0201,Hardware Supplies Lot,Hardware Supplies,112,4.83,90.88,450.08,284.45,Bank Transfer,Completed,false,5,SO-014,SKU-058,SUP-002,WH-003,112,111,1363,188,271.85,27.45,10,false,false
WHO-0003,2026-03-26,CUST-0014,VIP,East Region,Distributor Network,PS-0302,Beverage Case Lot,Beverages,255,1.48,0,377.4,295.13,Cash,Completed,false,3,SO-036,SKU-023,SUP-007,WH-001,255,250,3108,223,220.4,13.96,2,false,false
WHO-0004,2026-04-02,CUST-0014,VIP,East Region,Direct Account,PS-0103,Packaged Goods Pallet,Packaged Goods,118,2.38,0,280.84,220.46,Cash,Completed,false,5,SO-038,SKU-023,SUP-007,WH-004,118,116,4711,402,166.82,10.39,18,false,false
WHO-0005,2026-04-04,CUST-0009,VIP,East Region,Direct Account,PS-0104,Packaged Goods Pallet,Packaged Goods,291,2.37,0,689.67,459.32,Online Payment,Completed,false,3,SO-017,SKU-004,SUP-003,WH-004,291,285,4114,337,388.28,33.79,6,false,false
WHO-0006,2026-04-09,CUST-0010,Returning,Metro Area,Online B2B Portal,PS-0105,Packaged Goods Pallet,Packaged Goods,837,2.38,0,1992.06,1581.7,Mobile Wallet,Completed,true,5,SO-033,SKU-057,SUP-006,WH-004,837,816,5970,145,1426.31,165.34,13,false,false
WHO-0007,2026-04-11,CUST-0004,VIP,Metro Area,Online B2B Portal,PS-0306,Beverage Case Lot,Beverages,524,1.5,0,786,598.15,Bank Transfer,Completed,false,5,SO-038,SKU-013,SUP-007,WH-002,524,517,1527,295,462.17,32.23,9,false,false
WHO-0008,2026-04-13,CUST-0003,VIP,South Region,Online B2B Portal,PS-0107,Packaged Goods Pallet,Packaged Goods,304,2.42,0,735.68,516.45,Cash,Cancelled,false,,SO-041,SKU-028,SUP-008,WH-002,304,303,649,101,464.21,28.69,5,false,false
WHO-0009,2026-04-20,CUST-0008,VIP,South Region,Distributor Network,PS-0108,Packaged Goods Pallet,Packaged Goods,821,2.39,0,1962.19,1308.78,Cash,Completed,false,4,SO-005,SKU-012,SUP-003,WH-004,821,790,2347,137,1083.13,70.64,19,false,false
WHO-0010,2026-05-11,CUST-0007,VIP,North Region,Online B2B Portal,PS-0300,Beverage Case Lot,Beverages,227,1.55,27.8,324.05,223.59,Online Payment,Pending,true,5,SO-005,SKU-044,SUP-001,WH-002,227,224,2983,131,213.55,18.15,19,false,false
WHO-0011,2026-05-12,CUST-0016,VIP,East Region,Distributor Network,PS-0301,Beverage Case Lot,Beverages,296,1.68,0,497.28,376.44,Online Payment,Completed,false,5,SO-022,SKU-042,SUP-008,WH-004,296,287,5302,125,316.77,36.3,16,false,false
WHO-0012,2026-05-13,CUST-0005,VIP,North Region,Online B2B Portal,PS-0102,Packaged Goods Pallet,Packaged Goods,701,2.37,0,1661.37,1038.36,Bank Transfer,Completed,false,4,SO-037,SKU-044,SUP-001,WH-003,701,694,5022,373,1071.58,64.79,18,false,false
WHO-0013,2026-05-15,CUST-0001,VIP,East Region,Online B2B Portal,PS-0103,Packaged Goods Pallet,Packaged Goods,502,2.38,0,1194.76,848.28,Bank Transfer,Cancelled,false,,SO-005,SKU-034,SUP-002,WH-004,502,494,2970,281,796.9,70.49,17,false,false
WHO-0014,2026-05-16,CUST-0001,VIP,South Region,Direct Account,PS-0204,Hardware Supplies Lot,Hardware Supplies,109,4.87,67.42,463.41,293.34,Credit/Debit Card,Completed,true,5,SO-015,SKU-044,SUP-005,WH-001,109,105,3705,442,264.14,22.24,20,true,true
WHO-0015,2026-05-19,CUST-0003,VIP,East Region,Distributor Network,PS-0205,Hardware Supplies Lot,Hardware Supplies,80,5.34,57.24,369.96,287.83,Online Payment,Completed,true,2,SO-035,SKU-042,SUP-004,WH-002,80,79,4930,253,222.35,24.79,14,false,false
WHO-0016,2026-05-26,CUST-0002,VIP,East Region,Online B2B Portal,PS-0106,Packaged Goods Pallet,Packaged Goods,119,2.41,0,286.79,199.03,Bank Transfer,Cancelled,false,,SO-036,SKU-055,SUP-005,WH-002,119,117,116,481,203.05,22.66,19,false,false
WHO-0017,2026-06-04,CUST-0010,Returning,South Region,Distributor Network,PS-0107,Packaged Goods Pallet,Packaged Goods,576,2.4,0,1382.4,1099.01,Bank Transfer,Completed,false,4,SO-012,SKU-018,SUP-004,WH-004,576,555,4601,265,836.35,100.92,17,false,false
WHO-0018,2026-06-05,CUST-0002,VIP,East Region,Distributor Network,PS-0208,Hardware Supplies Lot,Hardware Supplies,154,5.37,145.55,681.43,454.51,Mobile Wallet,Completed,true,4,SO-020,SKU-029,SUP-007,WH-004,154,152,1511,475,487.9,35.43,18,false,false
WHO-0019,2026-06-06,CUST-0003,VIP,East Region,Online B2B Portal,PS-0200,Hardware Supplies Lot,Hardware Supplies,352,4.9,320.81,1403.99,970.16,Cash,Completed,false,4,SO-024,SKU-058,SUP-007,WH-002,352,344,1321,265,897.15,53.35,19,false,false
WHO-0020,2026-06-08,CUST-0009,VIP,South Region,Distributor Network,PS-0101,Packaged Goods Pallet,Packaged Goods,556,2.42,0,1345.52,997.03,Mobile Wallet,Completed,false,5,SO-049,SKU-038,SUP-002,WH-001,556,543,2074,352,757.53,59.2,16,false,false
WHO-0021,2026-06-18,CUST-0016,VIP,South Region,Distributor Network,PS-0102,Packaged Goods Pallet,Packaged Goods,408,2.4,127.3,851.9,582.7,Mobile Wallet,Completed,false,4,SO-027,SKU-020,SUP-007,WH-003,408,405,1229,298,535.85,55.37,20,false,false
WHO-0022,2026-06-24,CUST-0006,New,South Region,Distributor Network,PS-0303,Beverage Case Lot,Beverages,493,1.56,0,769.08,570.66,Credit/Debit Card,Completed,false,2,SO-035,SKU-047,SUP-001,WH-004,493,479,3396,352,442.99,59.99,21,false,false
WHO-0023,2026-06-25,CUST-0002,VIP,South Region,Direct Account,PS-0104,Packaged Goods Pallet,Packaged Goods,289,2.39,0,690.71,507.67,Cash,Completed,false,5,SO-045,SKU-030,SUP-002,WH-001,289,286,5580,445,415.12,26.94,17,false,false
WHO-0024,2026-07-03,CUST-0005,VIP,North Region,Distributor Network,PS-0105,Packaged Goods Pallet,Packaged Goods,268,2.43,60.57,590.67,462.49,Cash,Completed,true,5,SO-049,SKU-017,SUP-006,WH-003,268,264,2589,252,359.13,31.31,10,false,false
WHO-0025,2026-07-04,CUST-0015,New,East Region,Online B2B Portal,PS-0106,Packaged Goods Pallet,Packaged Goods,452,2.39,0,1080.28,705.42,Online Payment,Completed,false,2,SO-004,SKU-025,SUP-008,WH-001,452,452,4103,300,775.64,92.9,16,false,false
WHO-0026,2026-07-06,CUST-0004,VIP,South Region,Distributor Network,PS-0307,Beverage Case Lot,Beverages,250,1.69,0,422.5,292.37,Cash,Completed,false,5,SO-032,SKU-053,SUP-004,WH-003,250,244,5385,150,245.47,37.18,20,true,false
WHO-0027,2026-07-07,CUST-0009,VIP,South Region,Direct Account,PS-0308,Beverage Case Lot,Beverages,327,1.7,0,555.9,356.89,Credit/Debit Card,Completed,false,4,SO-024,SKU-017,SUP-008,WH-002,327,317,4111,440,369.67,36.13,16,false,false
WHO-0028,2026-07-19,CUST-0012,New,Metro Area,Distributor Network,PS-0200,Hardware Supplies Lot,Hardware Supplies,181,4.85,0,877.85,605.72,Credit/Debit Card,Pending,false,4,SO-009,SKU-009,SUP-004,WH-003,181,174,5188,300,490.72,38.63,8,true,false
WHO-0029,2026-07-24,CUST-0008,VIP,South Region,Online B2B Portal,PS-0101,Packaged Goods Pallet,Packaged Goods,845,2.84,0,2399.8,1574.27,Online Payment,Completed,false,5,SO-037,SKU-025,SUP-004,WH-004,845,817,2763,434,1564.67,86.39,12,true,false
WHO-0030,2026-07-26,CUST-0001,VIP,East Region,Online B2B Portal,PS-0102,Packaged Goods Pallet,Packaged Goods,433,2.83,0,1225.39,763.42,Credit/Debit Card,Completed,false,3,SO-026,SKU-012,SUP-002,WH-002,433,431,5943,107,861.45,102.93,16,false,false
WHO-0031,2026-07-27,CUST-0003,VIP,North Region,Online B2B Portal,PS-0103,Packaged Goods Pallet,Packaged Goods,803,2.83,0,2272.49,1683.92,Online Payment,Cancelled,false,,SO-009,SKU-040,SUP-006,WH-004,803,788,1811,474,1374.86,99.99,10,false,false
WHO-0032,2026-08-01,CUST-0014,VIP,East Region,Direct Account,PS-0204,Hardware Supplies Lot,Hardware Supplies,397,5.16,0,2048.52,1436.01,Mobile Wallet,Completed,false,2,SO-019,SKU-001,SUP-006,WH-004,397,391,4341,463,1253.69,104.47,12,false,false
WHO-0033,2026-08-03,CUST-0007,VIP,North Region,Direct Account,PS-0105,Packaged Goods Pallet,Packaged Goods,663,2.79,0,1849.77,1315.19,Online Payment,Pending,false,5,SO-008,SKU-003,SUP-005,WH-003,663,651,1905,473,1108.01,85.09,21,false,false
WHO-0034,2026-08-04,CUST-0007,VIP,North Region,Online B2B Portal,PS-0106,Packaged Goods Pallet,Packaged Goods,782,2.83,0,2213.06,1438.49,Credit/Debit Card,Pending,false,4,SO-028,SKU-030,SUP-004,WH-002,782,756,2571,440,1500.45,95.16,7,false,false
WHO-0035,2026-08-08,CUST-0003,VIP,East Region,Direct Account,PS-0307,Beverage Case Lot,Beverages,602,1.65,0,993.3,723.12,Credit/Debit Card,Completed,false,3,SO-030,SKU-013,SUP-007,WH-004,602,586,999,142,647.63,73.5,5,true,false
WHO-0036,2026-08-15,CUST-0011,New,South Region,Distributor Network,PS-0108,Packaged Goods Pallet,Packaged Goods,623,2.8,338.41,1405.99,1055.9,Mobile Wallet,Cancelled,false,,SO-009,SKU-028,SUP-006,WH-002,623,606,4208,221,777.51,64.68,2,false,false
WHO-0037,2026-08-21,CUST-0018,New,North Region,Online B2B Portal,PS-0300,Beverage Case Lot,Beverages,285,1.68,23.94,454.86,317.04,Cash,Completed,true,5,SO-044,SKU-039,SUP-007,WH-002,285,278,5701,318,277.92,32.75,21,true,false
WHO-0038,2026-08-23,CUST-0005,VIP,East Region,Distributor Network,PS-0101,Packaged Goods Pallet,Packaged Goods,627,2.8,0,1755.6,1137.63,Online Payment,Completed,false,5,SO-023,SKU-022,SUP-006,WH-002,627,611,5610,258,1200.83,103.58,11,false,false
WHO-0039,2026-08-24,CUST-0001,VIP,North Region,Online B2B Portal,PS-0202,Hardware Supplies Lot,Hardware Supplies,374,5.35,0,2000.9,1356.61,Online Payment,Completed,false,3,SO-027,SKU-039,SUP-001,WH-003,374,368,3076,125,1436.65,108.05,21,false,false
WHO-0040,2026-08-26,CUST-0004,VIP,East Region,Online B2B Portal,PS-0203,Hardware Supplies Lot,Hardware Supplies,158,4.66,0,736.28,583.13,Bank Transfer,Completed,false,5,SO-030,SKU-020,SUP-007,WH-001,158,155,3788,486,420.42,34.61,18,false,false
WHO-0041,2026-08-28,CUST-0002,VIP,East Region,Distributor Network,PS-0204,Hardware Supplies Lot,Hardware Supplies,323,4.68,0,1511.64,1065.71,Mobile Wallet,Completed,false,3,SO-003,SKU-054,SUP-004,WH-003,323,311,232,213,1088.38,87.68,5,false,false
WHO-0042,2026-09-03,CUST-0004,VIP,Metro Area,Direct Account,PS-0305,Beverage Case Lot,Beverages,273,1.5,0,409.5,278.87,Mobile Wallet,Completed,false,3,SO-020,SKU-007,SUP-003,WH-001,273,272,309,440,265.36,18.02,15,false,false
WHO-0043,2026-09-09,CUST-0009,VIP,South Region,Distributor Network,PS-0306,Beverage Case Lot,Beverages,198,1.56,42.32,266.56,209.25,Bank Transfer,Completed,true,5,SO-016,SKU-014,SUP-005,WH-003,198,193,232,178,162.34,20.53,16,true,false
WHO-0044,2026-09-13,CUST-0003,VIP,North Region,Distributor Network,PS-0107,Packaged Goods Pallet,Packaged Goods,181,2.84,0,514.04,319.22,Credit/Debit Card,Completed,false,5,SO-041,SKU-028,SUP-007,WH-002,181,180,1634,212,315.11,15.94,8,false,false
WHO-0045,2026-09-17,CUST-0008,VIP,East Region,Distributor Network,PS-0108,Packaged Goods Pallet,Packaged Goods,757,2.83,0,2142.31,1484.62,Mobile Wallet,Cancelled,true,,SO-015,SKU-052,SUP-002,WH-004,757,734,1079,493,1480.34,92.12,15,false,false
WHO-0046,2026-09-20,CUST-0009,VIP,South Region,Online B2B Portal,PS-0100,Packaged Goods Pallet,Packaged Goods,804,2.81,0,2259.24,1509.17,Cash,Completed,false,4,SO-003,SKU-016,SUP-003,WH-001,804,786,820,441,1619.88,103.93,13,false,false
WHO-0047,2026-09-21,CUST-0005,VIP,Metro Area,Online B2B Portal,PS-0101,Packaged Goods Pallet,Packaged Goods,601,2.79,179.42,1497.37,1138,Credit/Debit Card,Pending,false,2,SO-017,SKU-014,SUP-005,WH-002,601,587,4232,266,1031.69,89.84,7,true,true
WHO-0048,2026-09-23,CUST-0003,VIP,Metro Area,Direct Account,PS-0302,Beverage Case Lot,Beverages,620,1.51,0,936.2,707.77,Cash,Completed,false,4,SO-043,SKU-060,SUP-004,WH-001,620,616,253,456,586.06,69.28,20,false,false
WHO-0049,2026-09-25,CUST-0005,VIP,South Region,Online B2B Portal,PS-0103,Packaged Goods Pallet,Packaged Goods,423,2.82,208.75,984.11,653.45,Bank Transfer,Completed,false,4,SO-040,SKU-049,SUP-004,WH-001,423,419,3295,357,663.29,74.79,20,false,false
WHO-0050,2026-09-26,CUST-0017,New,North Region,Direct Account,PS-0204,Hardware Supplies Lot,Hardware Supplies,247,4.92,0,1215.24,884.69,Online Payment,Completed,false,4,SO-044,SKU-060,SUP-002,WH-003,247,242,1165,155,703.62,69.27,3,false,false
